transactions_id,sale_date,sale_time,customer_id,gender,age,category,quantiy,price_per_unit,cogs,total_sale
1970,5/22/2023,17:44:00,5,Male,59,Electronics,4,500,230,2000
1946,7/27/2023,20:48:00,5,Male,62,Electronics,4,500,165,2000
1927,9/6/2023,19:44:00,46,Male,43,Electronics,4,500,180,2000
1875,6/3/2022,22:42:00,141,Female,51,Electronics,4,500,165,2000
1832,11/10/2023,21:17:00,57,Male,47,Beauty,4,500,480,2000
1808,2/12/2023,10:48:00,109,Male,33,Beauty,4,500,210,2000
1789,11/10/2023,17:02:00,144,Female,61,Clothing,4,500,615,2000
1773,12/12/2023,18:50:00,80,Male,25,Electronics,4,500,165,2000
1743,10/26/2022,9:37:00,47,Female,34,Beauty,4,500,250,2000
1742,11/22/2022,8:25:00,18,Female,38,Electronics,4,500,220,2000
1735,9/5/2023,17:26:00,86,Female,64,Clothing,4,500,505,2000
1731,12/19/2023,17:41:00,3,Male,54,Clothing,4,500,195,2000
1700,9/27/2023,16:10:00,87,Male,36,Electronics,4,500,210,2000
1664,12/12/2023,16:44:00,99,Female,44,Clothing,4,500,245,2000
1634,11/3/2023,17:18:00,90,Male,60,Electronics,4,500,520,2000
1626,10/10/2022,19:13:00,19,Female,26,Clothing,4,500,495,2000
1595,10/4/2023,17:44:00,115,Female,18,Clothing,4,500,255,2000
1592,3/16/2022,9:08:00,81,Female,46,Beauty,4,500,155,2000
1577,9/11/2022,6:22:00,145,Male,21,Beauty,4,500,160,2000
1572,6/18/2023,22:20:00,1,Male,31,Clothing,4,500,175,2000
1561,9/17/2023,19:38:00,16,Female,64,Clothing,4,500,170,2000
1547,8/11/2022,6:39:00,142,Male,63,Clothing,4,500,235,2000
1503,10/17/2022,18:28:00,67,Male,45,Beauty,4,500,605,2000
1487,2/1/2023,19:01:00,131,Male,44,Clothing,4,500,140,2000
1480,11/26/2023,18:05:00,3,Female,42,Beauty,4,500,165,2000
1476,11/11/2022,22:27:00,130,Female,27,Clothing,4,500,555,2000
1447,5/30/2022,22:21:00,137,Male,22,Beauty,4,500,155,2000
1420,4/15/2022,7:01:00,138,Female,22,Clothing,4,500,205,2000
1416,12/29/2022,10:47:00,111,Male,53,Electronics,4,500,125,2000
1412,10/13/2022,19:59:00,75,Female,19,Electronics,4,500,615,2000
1342,9/18/2022,23:00:00,114,Female,43,Clothing,4,500,485,2000
1281,3/14/2023,19:34:00,4,Female,29,Beauty,4,500,165,2000
1269,1/1/2022,8:09:00,71,Male,25,Clothing,4,500,145,2000
1257,5/10/2022,11:55:00,29,Male,19,Beauty,4,500,255,2000
1253,12/3/2023,19:58:00,108,Female,53,Clothing,4,500,605,2000
1166,7/19/2023,7:45:00,65,Male,34,Clothing,4,500,245,2000
1157,12/23/2022,21:24:00,81,Male,62,Electronics,4,500,270,2000
1155,12/3/2023,18:22:00,3,Male,31,Electronics,4,500,255,2000
1152,12/26/2022,7:48:00,87,Male,43,Electronics,4,500,170,2000
1139,12/21/2023,14:23:00,87,Male,36,Beauty,4,500,230,2000
1124,10/6/2023,20:04:00,83,Male,33,Clothing,4,500,515,2000
1118,10/13/2023,17:24:00,1,Female,30,Electronics,4,500,170,2000
1109,12/13/2023,22:13:00,114,Female,34,Electronics,4,500,590,2000
1093,11/6/2023,17:26:00,87,Female,35,Beauty,4,500,270,2000
1089,10/21/2023,18:44:00,108,Female,55,Electronics,4,500,555,2000
1074,10/4/2022,20:18:00,67,Female,18,Beauty,4,500,230,2000
1072,2/24/2023,18:10:00,4,Female,20,Electronics,4,500,180,2000
1065,10/24/2023,15:16:00,76,Male,51,Electronics,4,500,175,2000
1015,3/9/2022,11:53:00,94,Female,42,Electronics,4,500,200,2000
970,5/25/2023,18:13:00,2,Male,59,Electronics,4,500,220,2000
946,8/8/2023,20:15:00,2,Male,62,Electronics,4,500,235,2000
927,2/21/2022,17:13:00,83,Male,43,Electronics,4,500,250,2000
875,11/30/2023,21:47:00,134,Female,51,Electronics,4,500,135,2000
832,11/13/2022,17:25:00,106,Male,47,Beauty,4,500,600,2000
808,11/22/2023,7:18:00,30,Male,33,Beauty,4,500,195,2000
789,12/6/2023,22:13:00,34,Female,61,Clothing,4,500,510,2000
773,1/14/2023,19:10:00,3,Male,25,Electronics,4,500,175,2000
743,8/7/2022,7:54:00,55,Female,34,Beauty,4,500,260,2000
742,3/19/2022,6:08:00,37,Female,38,Electronics,4,500,195,2000
735,11/26/2022,21:38:00,153,Female,64,Clothing,4,500,515,2000
731,9/30/2023,18:49:00,1,Male,54,Clothing,4,500,165,2000
700,9/1/2022,15:07:00,61,Male,36,Electronics,4,500,250,2000
664,9/3/2022,16:52:00,109,Female,44,Clothing,4,500,170,2000
634,10/10/2022,19:25:00,68,Male,60,Electronics,4,500,535,2000
626,10/30/2022,21:01:00,65,Female,26,Clothing,4,500,555,2000
595,10/15/2022,21:35:00,65,Female,18,Clothing,4,500,210,2000
592,12/26/2022,9:15:00,77,Female,46,Beauty,4,500,275,2000
577,4/21/2022,11:55:00,45,Male,21,Beauty,4,500,215,2000
572,12/13/2023,18:33:00,5,Male,31,Clothing,4,500,185,2000
561,7/29/2022,17:04:00,34,Female,64,Clothing,4,500,250,2000
547,11/14/2022,7:36:00,3,Male,63,Clothing,4,500,250,2000
503,10/8/2023,20:06:00,63,Male,45,Beauty,4,500,570,2000
487,4/9/2023,21:03:00,36,Male,44,Clothing,4,500,235,2000
480,12/22/2022,22:12:00,126,Female,42,Beauty,4,500,225,2000
476,12/12/2023,18:31:00,131,Female,27,Clothing,4,500,570,2000
447,4/18/2023,17:57:00,37,Male,22,Beauty,4,500,245,2000
420,1/2/2022,10:53:00,28,Female,22,Clothing,4,500,200,2000
416,8/21/2022,9:29:00,55,Male,53,Electronics,4,500,245,2000
412,9/4/2022,19:36:00,30,Female,19,Electronics,4,500,570,2000
342,11/5/2023,17:24:00,85,Female,43,Clothing,4,500,500,2000
281,9/18/2023,20:09:00,4,Female,29,Beauty,4,500,275,2000
269,9/19/2022,11:31:00,87,Male,25,Clothing,4,500,250,2000
257,12/10/2022,8:49:00,130,Male,19,Beauty,4,500,165,2000
253,9/30/2022,21:26:00,66,Female,53,Clothing,4,500,525,2000
166,1/28/2023,11:42:00,32,Male,34,Clothing,4,500,225,2000
157,5/15/2022,21:59:00,98,Male,62,Electronics,4,500,170,2000
155,7/18/2023,18:05:00,3,Male,31,Electronics,4,500,150,2000
152,6/16/2022,11:58:00,120,Male,43,Electronics,4,500,210,2000
139,9/15/2023,14:03:00,113,Male,36,Beauty,4,500,230,2000
124,12/24/2022,21:17:00,83,Male,33,Clothing,4,500,515,2000
118,3/13/2023,20:07:00,3,Female,30,Electronics,4,500,270,2000
109,9/6/2023,19:57:00,94,Female,34,Electronics,4,500,560,2000
93,1/25/2022,20:52:00,148,Female,35,Beauty,4,500,140,2000
89,12/30/2023,21:15:00,117,Female,55,Electronics,4,500,590,2000
74,10/5/2023,19:50:00,56,Female,18,Beauty,4,500,205,2000
72,12/6/2023,19:19:00,5,Female,20,Electronics,4,500,195,2000
65,12/11/2022,20:03:00,84,Male,51,Electronics,4,500,160,2000
15,7/1/2022,11:50:00,75,Female,42,Electronics,4,500,210,2000
1956,6/1/2023,20:40:00,62,Male,30,Clothing,3,500,170,1500
1942,9/16/2023,11:53:00,112,Male,51,Clothing,3,500,265,1500
1869,10/23/2022,19:51:00,113,Male,37,Beauty,3,500,605,1500
1859,9/14/2022,20:58:00,32,Female,56,Electronics,3,500,205,1500
1843,9/21/2023,18:58:00,1,Male,21,Beauty,3,500,240,1500
1805,10/10/2023,13:35:00,79,Female,30,Beauty,3,500,225,1500
1720,10/10/2022,8:51:00,28,Female,56,Beauty,3,500,190,1500
1711,9/22/2023,20:33:00,113,Male,26,Electronics,3,500,570,1500
1710,10/23/2022,20:14:00,104,Female,26,Electronics,3,500,610,1500
1693,2/20/2023,18:21:00,1,Male,41,Beauty,3,500,130,1500
1677,10/2/2022,20:51:00,84,Female,19,Beauty,3,500,490,1500
1676,9/21/2023,20:22:00,91,Male,63,Electronics,3,500,210,1500
1673,6/14/2022,7:36:00,42,Female,43,Clothing,3,500,185,1500
1647,5/1/2023,20:26:00,5,Male,59,Clothing,3,500,240,1500
1636,7/22/2023,11:26:00,50,Female,21,Beauty,3,500,150,1500
1611,11/17/2022,7:30:00,125,Male,51,Beauty,3,500,180,1500
1608,9/26/2023,21:01:00,87,Female,55,Electronics,3,500,265,1500
1580,9/21/2023,15:47:00,105,Female,31,Clothing,3,500,250,1500
1533,10/29/2022,19:35:00,67,Male,19,Electronics,3,500,255,1500
1522,11/14/2022,8:35:00,48,Male,46,Beauty,3,500,235,1500
1507,12/27/2022,22:14:00,95,Female,37,Electronics,3,500,520,1500
1506,1/9/2022,7:31:00,52,Male,34,Beauty,3,500,245,1500
1474,5/15/2022,20:49:00,84,Female,26,Clothing,3,500,255,1500
1463,7/29/2022,19:45:00,98,Female,54,Beauty,3,500,170,1500
1452,8/6/2023,17:41:00,3,Female,48,Clothing,3,500,185,1500
1421,1/17/2022,7:07:00,59,Female,37,Clothing,3,500,185,1500
1385,11/7/2023,19:22:00,55,Male,50,Electronics,3,500,505,1500
1372,3/18/2022,10:53:00,60,Female,24,Beauty,3,500,145,1500
1369,10/10/2022,21:14:00,64,Male,23,Electronics,3,500,180,1500
1356,12/18/2023,21:31:00,11,Male,50,Electronics,3,500,245,1500
1313,6/4/2023,9:22:00,10,Female,55,Beauty,3,500,170,1500
1280,8/24/2023,9:15:00,116,Female,37,Clothing,3,500,255,1500
1239,7/8/2022,20:42:00,134,Male,38,Electronics,3,500,255,1500
1215,11/19/2022,20:44:00,107,Male,58,Clothing,3,500,130,1500
1213,6/21/2023,17:23:00,41,Male,27,Beauty,3,500,185,1500
1212,3/16/2022,18:05:00,142,Male,21,Clothing,3,500,265,1500
1211,11/22/2023,14:59:00,82,Male,42,Beauty,3,500,235,1500
1199,12/16/2023,17:46:00,110,Male,45,Beauty,3,500,190,1500
1193,5/11/2022,11:31:00,50,Male,35,Beauty,3,500,145,1500
1169,9/25/2022,17:12:00,101,Male,18,Beauty,3,500,255,1500
1164,4/7/2023,20:53:00,1,Female,47,Beauty,3,500,245,1500
1144,12/30/2022,21:27:00,148,Female,59,Beauty,3,500,125,1500
1115,9/21/2023,17:41:00,99,Male,51,Clothing,3,500,180,1500
1112,12/22/2022,17:11:00,94,Male,37,Clothing,3,500,180,1500
1111,4/30/2023,21:34:00,2,Female,34,Electronics,3,500,185,1500
1078,5/4/2023,22:20:00,16,Female,47,Clothing,3,500,125,1500
1054,1/10/2022,9:24:00,49,Female,38,Electronics,3,500,140,1500
1047,12/4/2022,21:53:00,84,Female,40,Beauty,3,500,490,1500
1016,12/12/2022,7:39:00,52,Male,19,Clothing,3,500,200,1500
1013,7/16/2022,19:38:00,111,Male,22,Electronics,3,500,200,1500
956,4/24/2023,21:50:00,140,Male,30,Clothing,3,500,135,1500
942,12/1/2023,9:22:00,35,Male,51,Clothing,3,500,160,1500
869,9/8/2022,22:16:00,51,Male,37,Beauty,3,500,485,1500
859,9/20/2022,21:52:00,46,Female,56,Electronics,3,500,190,1500
843,1/25/2023,22:46:00,3,Male,21,Beauty,3,500,180,1500
805,9/3/2022,13:55:00,59,Female,30,Beauty,3,500,155,1500
720,4/8/2022,8:50:00,116,Female,56,Beauty,3,500,235,1500
711,9/23/2023,22:26:00,103,Male,26,Electronics,3,500,575,1500
710,9/3/2022,21:11:00,71,Female,26,Electronics,3,500,495,1500
693,6/8/2023,17:12:00,1,Male,41,Beauty,3,500,270,1500
677,12/17/2022,21:13:00,65,Female,19,Beauty,3,500,555,1500
676,7/10/2023,22:13:00,80,Male,63,Electronics,3,500,205,1500
673,7/4/2022,10:14:00,18,Female,43,Clothing,3,500,270,1500
647,3/1/2023,19:53:00,5,Male,59,Clothing,3,500,190,1500
636,5/9/2023,6:15:00,60,Female,21,Beauty,3,500,230,1500
611,7/21/2022,8:13:00,11,Male,51,Beauty,3,500,180,1500
608,12/7/2022,22:19:00,112,Female,55,Electronics,3,500,200,1500
580,11/14/2022,14:44:00,104,Female,31,Clothing,3,500,200,1500
533,11/13/2022,17:19:00,92,Male,19,Electronics,3,500,155,1500
522,7/9/2022,11:00:00,52,Male,46,Beauty,3,500,145,1500
507,12/11/2022,21:40:00,52,Female,37,Electronics,3,500,485,1500
506,4/29/2022,7:13:00,9,Male,34,Beauty,3,500,200,1500
474,5/8/2022,17:57:00,145,Female,26,Clothing,3,500,210,1500
463,1/29/2023,20:22:00,55,Female,54,Beauty,3,500,175,1500
452,1/30/2023,22:41:00,4,Female,48,Clothing,3,500,240,1500
421,4/8/2022,8:43:00,66,Female,37,Clothing,3,500,235,1500
385,11/20/2022,19:06:00,127,Male,50,Electronics,3,500,525,1500
372,6/19/2022,11:45:00,27,Female,24,Beauty,3,500,140,1500
369,12/13/2023,19:42:00,111,Male,23,Electronics,3,500,215,1500
356,8/27/2023,18:35:00,71,Male,50,Electronics,3,500,255,1500
313,12/16/2023,10:03:00,11,Female,55,Beauty,3,500,140,1500
280,11/17/2023,9:35:00,76,Female,37,Clothing,3,500,240,1500
239,9/19/2022,19:34:00,1,Male,38,Electronics,3,500,165,1500
215,10/3/2022,21:20:00,101,Male,58,Clothing,3,500,145,1500
213,8/13/2023,20:48:00,113,Male,27,Beauty,3,500,275,1500
212,10/12/2023,18:13:00,105,Male,21,Clothing,3,500,215,1500
211,9/12/2022,14:02:00,54,Male,42,Beauty,3,500,235,1500
199,10/26/2023,21:34:00,53,Male,45,Beauty,3,500,135,1500
193,3/27/2022,10:40:00,55,Male,35,Beauty,3,500,180,1500
169,11/28/2022,18:47:00,73,Male,18,Beauty,3,500,145,1500
164,2/28/2023,18:26:00,3,Female,47,Beauty,3,500,185,1500
144,3/26/2022,22:18:00,119,Female,59,Beauty,3,500,255,1500
115,9/2/2022,19:21:00,67,Male,51,Clothing,3,500,255,1500
112,12/25/2023,18:44:00,57,Male,37,Clothing,3,500,165,1500
111,4/15/2023,9:45:00,5,Female,34,Electronics,3,500,130,1500
78,2/17/2023,21:08:00,68,Female,47,Clothing,3,500,265,1500
54,10/20/2022,10:17:00,142,Female,38,Electronics,3,500,200,1500
47,10/22/2022,17:22:00,96,Female,40,Beauty,3,500,600,1500
16,6/25/2022,10:33:00,82,Male,19,Clothing,3,500,180,1500
13,2/8/2023,17:43:00,106,Male,22,Electronics,3,500,245,1500
1943,11/17/2023,21:00:00,108,Female,57,Clothing,4,300,321,1200
1928,7/29/2023,6:39:00,93,Female,35,Clothing,4,300,75,1200
1908,12/17/2023,12:34:00,93,Male,46,Beauty,4,300,87,1200
1862,2/6/2022,22:50:00,64,Male,28,Electronics,4,300,165,1200
1847,7/28/2023,7:14:00,5,Female,18,Electronics,4,300,123,1200
1839,8/28/2022,21:57:00,92,Female,20,Electronics,4,300,156,1200
1828,10/14/2022,14:14:00,99,Female,33,Electronics,4,300,165,1200
1800,8/21/2022,10:53:00,1,Male,32,Clothing,4,300,111,1200
1757,9/29/2023,16:42:00,50,Female,43,Electronics,4,300,132,1200
1756,5/12/2022,22:16:00,119,Female,62,Electronics,4,300,297,1200
1729,11/22/2023,18:55:00,82,Male,29,Clothing,4,300,81,1200
1726,6/26/2023,18:12:00,13,Male,47,Clothing,4,300,93,1200
1716,2/12/2022,19:16:00,39,Female,60,Clothing,4,300,87,1200
1682,12/30/2022,19:30:00,71,Male,46,Beauty,4,300,315,1200
1669,8/4/2022,22:28:00,83,Male,24,Beauty,4,300,123,1200
1663,12/7/2023,7:04:00,33,Male,23,Clothing,4,300,81,1200
1648,7/10/2023,17:18:00,16,Male,53,Beauty,4,300,87,1200
1614,8/23/2023,11:37:00,135,Female,39,Beauty,4,300,105,1200
1597,8/28/2023,18:21:00,32,Male,22,Beauty,4,300,78,1200
1587,11/5/2022,20:06:00,140,Female,40,Beauty,4,300,105,1200
1559,8/20/2022,7:40:00,49,Female,40,Clothing,4,300,144,1200
1553,1/29/2023,8:46:00,42,Male,24,Clothing,4,300,99,1200
1524,10/26/2022,22:10:00,115,Male,46,Beauty,4,300,321,1200
1484,11/23/2022,9:29:00,22,Female,19,Clothing,4,300,147,1200
1482,2/10/2023,22:22:00,1,Female,28,Clothing,4,300,114,1200
1481,11/9/2023,17:22:00,20,Female,43,Electronics,4,300,114,1200
1479,5/31/2022,22:24:00,108,Male,52,Electronics,4,300,162,1200
1462,11/13/2023,10:42:00,124,Male,63,Electronics,4,300,114,1200
1459,11/10/2023,6:46:00,13,Male,28,Clothing,4,300,144,1200
1441,10/4/2023,21:38:00,63,Male,57,Beauty,4,300,354,1200
1437,9/4/2023,19:19:00,76,Female,35,Electronics,4,300,372,1200
1431,9/28/2023,21:28:00,114,Male,63,Electronics,4,300,312,1200
1424,9/5/2023,21:32:00,54,Male,57,Beauty,4,300,111,1200
1405,10/28/2023,20:08:00,91,Female,25,Clothing,4,300,342,1200
1368,3/8/2022,21:29:00,145,Female,56,Clothing,4,300,132,1200
1361,9/12/2023,16:00:00,89,Female,34,Electronics,4,300,153,1200
1340,10/30/2023,20:55:00,92,Female,36,Clothing,4,300,348,1200
1333,11/1/2022,11:38:00,151,Female,54,Electronics,4,300,165,1200
1332,12/4/2023,10:02:00,146,Male,58,Electronics,4,300,123,1200
1320,11/2/2022,11:55:00,102,Female,28,Electronics,4,300,84,1200
1308,6/19/2023,22:39:00,91,Female,34,Beauty,4,300,150,1200
1298,5/2/2023,19:51:00,1,Male,27,Beauty,4,300,120,1200
1296,11/26/2022,20:42:00,45,Female,22,Clothing,4,300,342,1200
1292,5/15/2022,8:20:00,88,Male,20,Beauty,4,300,90,1200
1202,11/13/2023,6:56:00,89,Female,34,Clothing,4,300,144,1200
1181,11/6/2022,18:28:00,84,Male,19,Electronics,4,300,354,1200
1165,12/1/2023,17:04:00,29,Female,60,Clothing,4,300,291,1200
1142,11/9/2022,9:49:00,2,Male,35,Electronics,4,300,114,1200
1107,12/31/2022,11:14:00,62,Female,21,Clothing,4,300,102,1200
1099,12/24/2022,12:41:00,56,Female,50,Electronics,4,300,162,1200
1067,10/3/2023,17:01:00,105,Female,48,Beauty,4,300,129,1200
1058,10/30/2022,18:31:00,100,Male,18,Clothing,4,300,153,1200
1046,7/21/2023,21:47:00,5,Female,20,Electronics,4,300,156,1200
1031,11/12/2023,21:15:00,3,Male,44,Electronics,4,300,126,1200
943,11/5/2022,19:29:00,90,Female,57,Clothing,4,300,318,1200
928,11/5/2023,10:20:00,54,Female,35,Clothing,4,300,90,1200
908,10/30/2022,14:47:00,64,Male,46,Beauty,4,300,81,1200
862,12/11/2022,21:37:00,29,Male,28,Electronics,4,300,78,1200
847,1/10/2023,8:42:00,2,Female,18,Electronics,4,300,162,1200
839,11/11/2023,21:02:00,130,Female,20,Electronics,4,300,96,1200
828,11/24/2022,15:54:00,76,Female,33,Electronics,4,300,132,1200
800,9/19/2022,7:33:00,111,Male,32,Clothing,4,300,87,1200
757,10/6/2023,12:10:00,82,Female,43,Electronics,4,300,105,1200
756,7/17/2023,20:33:00,4,Female,62,Electronics,4,300,333,1200
729,8/26/2023,22:29:00,3,Male,29,Clothing,4,300,84,1200
726,6/5/2022,19:37:00,72,Male,47,Clothing,4,300,126,1200
716,8/13/2023,19:51:00,137,Female,60,Clothing,4,300,108,1200
682,10/23/2023,20:51:00,60,Male,46,Beauty,4,300,354,1200
669,1/23/2022,20:24:00,110,Male,24,Beauty,4,300,87,1200
663,8/16/2023,6:32:00,133,Male,23,Clothing,4,300,87,1200
648,2/23/2023,18:13:00,41,Male,53,Beauty,4,300,138,1200
614,2/13/2023,6:28:00,61,Female,39,Beauty,4,300,120,1200
597,11/1/2022,19:29:00,84,Male,22,Beauty,4,300,111,1200
587,9/4/2023,19:00:00,91,Female,40,Beauty,4,300,99,1200
559,12/12/2022,10:48:00,5,Female,40,Clothing,4,300,84,1200
553,3/20/2023,6:17:00,106,Male,24,Clothing,4,300,81,1200
524,9/17/2023,19:52:00,12,Male,46,Beauty,4,300,297,1200
484,3/13/2022,7:52:00,135,Female,19,Clothing,4,300,75,1200
482,8/12/2023,18:57:00,3,Female,28,Clothing,4,300,141,1200
481,7/13/2023,17:12:00,48,Female,43,Electronics,4,300,114,1200
479,11/3/2022,21:35:00,90,Male,52,Electronics,4,300,105,1200
462,8/26/2023,10:04:00,71,Male,63,Electronics,4,300,132,1200
459,5/23/2023,7:12:00,122,Male,28,Clothing,4,300,75,1200
441,11/6/2023,22:00:00,85,Male,57,Beauty,4,300,351,1200
437,11/26/2023,18:53:00,56,Female,35,Electronics,4,300,345,1200
431,10/29/2022,22:02:00,99,Male,63,Electronics,4,300,345,1200
424,12/20/2023,19:21:00,101,Male,57,Beauty,4,300,147,1200
405,10/17/2022,17:55:00,79,Female,25,Clothing,4,300,324,1200
368,1/31/2023,21:11:00,90,Female,56,Clothing,4,300,132,1200
361,9/12/2022,16:37:00,112,Female,34,Electronics,4,300,81,1200
340,9/19/2023,22:59:00,54,Female,36,Clothing,4,300,294,1200
333,10/6/2022,8:15:00,21,Female,54,Electronics,4,300,99,1200
332,4/24/2023,11:28:00,138,Male,58,Electronics,4,300,105,1200
320,4/20/2022,8:35:00,57,Female,28,Electronics,4,300,159,1200
308,3/31/2022,19:12:00,130,Female,34,Beauty,4,300,126,1200
298,10/5/2023,19:05:00,3,Male,27,Beauty,4,300,84,1200
296,12/31/2022,22:44:00,73,Female,22,Clothing,4,300,369,1200
292,10/10/2022,6:33:00,111,Male,20,Beauty,4,300,141,1200
202,1/25/2023,6:24:00,61,Female,34,Clothing,4,300,120,1200
181,11/6/2023,19:59:00,79,Male,19,Electronics,4,300,327,1200
165,9/24/2022,19:01:00,75,Female,60,Clothing,4,300,318,1200
142,4/8/2022,10:05:00,61,Male,35,Electronics,4,300,138,1200
107,10/6/2022,9:18:00,75,Female,21,Clothing,4,300,78,1200
99,11/19/2023,15:12:00,71,Female,50,Electronics,4,300,132,1200
67,8/19/2023,20:19:00,119,Female,48,Beauty,4,300,129,1200
58,9/16/2023,19:18:00,53,Male,18,Clothing,4,300,75,1200
46,11/8/2022,17:50:00,54,Female,20,Electronics,4,300,84,1200
31,12/31/2023,17:47:00,3,Male,44,Electronics,4,300,129,1200
1994,11/20/2022,13:27:00,86,Female,51,Beauty,2,500,250,1000
1990,11/22/2023,17:02:00,48,Female,58,Beauty,2,500,155,1000
1986,9/14/2022,8:28:00,29,Female,49,Clothing,2,500,145,1000
1966,7/20/2022,9:52:00,74,Male,60,Electronics,2,500,200,1000
1880,6/14/2023,20:03:00,37,Male,22,Beauty,2,500,175,1000
1853,5/29/2023,18:39:00,2,Male,21,Beauty,2,500,190,1000
1850,2/16/2022,20:44:00,154,Female,26,Beauty,2,500,240,1000
1816,6/17/2022,22:30:00,52,Male,47,Beauty,2,500,245,1000
1779,1/2/2023,19:45:00,3,Female,56,Electronics,2,500,190,1000
1732,2/25/2022,7:05:00,55,Male,61,Electronics,2,500,215,1000
1709,9/13/2023,20:22:00,97,Female,19,Electronics,2,500,185,1000
1684,1/23/2023,21:40:00,43,Female,28,Clothing,2,500,200,1000
1683,5/4/2022,7:19:00,98,Male,38,Beauty,2,500,220,1000
1662,12/20/2023,12:38:00,106,Male,48,Beauty,2,500,240,1000
1660,9/23/2023,20:27:00,2,Female,38,Beauty,2,500,160,1000
1621,9/22/2022,10:49:00,2,Female,40,Beauty,2,500,160,1000
1605,1/24/2022,19:39:00,2,Male,37,Electronics,2,500,165,1000
1600,12/18/2022,17:44:00,67,Female,59,Beauty,2,500,575,1000
1589,7/1/2023,6:30:00,5,Female,36,Beauty,2,500,145,1000
1534,6/13/2022,19:44:00,72,Male,45,Clothing,2,500,270,1000
1470,6/26/2023,19:47:00,1,Female,57,Clothing,2,500,165,1000
1461,5/1/2023,8:43:00,63,Female,18,Beauty,2,500,180,1000
1453,10/14/2023,13:24:00,113,Female,26,Clothing,2,500,205,1000
1432,12/25/2022,6:24:00,67,Female,,Electronics,2,500,245,1000
1418,9/17/2022,18:19:00,68,Female,60,Electronics,2,500,215,1000
1404,8/20/2023,18:15:00,155,Male,46,Electronics,2,500,185,1000
1395,9/10/2023,14:18:00,91,Male,50,Electronics,2,500,130,1000
1393,10/8/2022,17:24:00,56,Female,22,Beauty,2,500,580,1000
1382,5/20/2023,18:13:00,139,Female,53,Clothing,2,500,185,1000
1352,10/19/2023,17:40:00,14,Male,57,Electronics,2,500,260,1000
1346,4/10/2022,10:01:00,112,Male,59,Clothing,2,500,130,1000
1299,5/8/2022,18:58:00,11,Male,61,Electronics,2,500,250,1000
1297,10/20/2023,22:32:00,21,Female,40,Electronics,2,500,535,1000
1275,3/2/2023,8:48:00,5,Male,43,Clothing,2,500,250,1000
1274,10/6/2023,9:01:00,2,Female,23,Clothing,2,500,185,1000
1256,11/5/2022,9:58:00,29,Male,23,Clothing,2,500,190,1000
1237,2/23/2022,9:20:00,48,Female,50,Beauty,2,500,215,1000
1235,4/4/2022,6:44:00,87,Female,23,Electronics,2,500,220,1000
1203,11/26/2023,18:36:00,2,Male,56,Clothing,2,500,145,1000
1161,6/29/2023,11:06:00,30,Male,64,Beauty,2,500,160,1000
1153,9/24/2022,12:30:00,91,Male,63,Electronics,2,500,265,1000
1137,11/5/2022,22:34:00,104,Male,46,Beauty,2,500,145,1000
1117,9/11/2023,7:48:00,144,Male,19,Electronics,2,500,210,1000
1104,7/11/2022,20:13:00,70,Female,34,Beauty,2,500,150,1000
1097,12/26/2022,20:53:00,86,Female,51,Beauty,2,500,485,1000
1094,6/15/2023,20:34:00,1,Female,47,Beauty,2,500,210,1000
1049,5/16/2022,6:36:00,143,Female,54,Electronics,2,500,125,1000
1026,11/24/2022,19:10:00,60,Female,28,Electronics,2,500,520,1000
1002,3/2/2022,9:24:00,69,Female,26,Clothing,2,500,270,1000
994,12/24/2022,16:38:00,73,Female,51,Beauty,2,500,125,1000
990,3/29/2023,21:45:00,68,Female,58,Beauty,2,500,235,1000
986,8/1/2022,9:35:00,65,Female,49,Clothing,2,500,200,1000
966,11/7/2022,7:22:00,119,Male,60,Electronics,2,500,190,1000
880,9/26/2023,20:13:00,63,Male,22,Beauty,2,500,175,1000
853,5/14/2023,22:29:00,3,Male,21,Beauty,2,500,155,1000
850,9/14/2023,19:01:00,58,Female,26,Beauty,2,500,235,1000
816,9/27/2023,19:29:00,133,Male,47,Beauty,2,500,240,1000
779,5/15/2023,19:19:00,3,Female,56,Electronics,2,500,155,1000
732,10/13/2022,8:45:00,136,Male,61,Electronics,2,500,250,1000
709,9/22/2022,22:32:00,61,Female,19,Electronics,2,500,140,1000
684,6/20/2023,18:02:00,54,Female,28,Clothing,2,500,225,1000
683,3/6/2022,10:22:00,82,Male,38,Beauty,2,500,175,1000
662,12/3/2022,12:40:00,100,Male,48,Beauty,2,500,145,1000
660,7/29/2023,18:46:00,2,Female,38,Beauty,2,500,270,1000
621,4/13/2022,9:55:00,138,Female,40,Beauty,2,500,275,1000
605,10/19/2023,22:24:00,76,Male,37,Electronics,2,500,180,1000
600,10/9/2023,18:39:00,64,Female,59,Beauty,2,500,525,1000
589,7/8/2023,7:11:00,5,Female,36,Beauty,2,500,145,1000
534,4/27/2023,22:30:00,112,Male,45,Clothing,2,500,140,1000
470,12/26/2023,18:58:00,4,Female,57,Clothing,2,500,165,1000
461,7/18/2023,10:33:00,21,Female,18,Beauty,2,500,265,1000
453,10/14/2022,14:45:00,90,Female,26,Clothing,2,500,265,1000
432,3/10/2022,11:31:00,17,Female,,Electronics,2,500,190,1000
418,4/1/2022,18:05:00,95,Female,60,Electronics,2,500,155,1000
404,2/13/2023,19:55:00,59,Male,46,Electronics,2,500,160,1000
395,12/1/2022,15:00:00,76,Male,50,Electronics,2,500,175,1000
393,10/19/2022,18:52:00,85,Female,22,Beauty,2,500,595,1000
382,7/14/2023,21:20:00,29,Female,53,Clothing,2,500,245,1000
352,7/28/2023,17:55:00,54,Male,57,Electronics,2,500,175,1000
346,9/5/2022,6:54:00,38,Male,59,Clothing,2,500,215,1000
299,1/25/2023,20:03:00,76,Male,61,Electronics,2,500,230,1000
297,9/12/2022,21:09:00,70,Female,40,Electronics,2,500,595,1000
275,3/5/2023,11:34:00,2,Male,43,Clothing,2,500,260,1000
274,4/14/2023,7:12:00,4,Female,23,Clothing,2,500,150,1000
256,1/9/2022,8:05:00,3,Male,23,Clothing,2,500,270,1000
237,4/11/2022,8:54:00,105,Female,50,Beauty,2,500,165,1000
235,3/10/2022,10:13:00,132,Female,23,Electronics,2,500,275,1000
203,3/12/2023,21:33:00,4,Male,56,Clothing,2,500,175,1000
161,7/1/2023,6:58:00,104,Male,64,Beauty,2,500,195,1000
153,11/19/2023,15:52:00,62,Male,63,Electronics,2,500,195,1000
137,9/10/2022,20:42:00,66,Male,46,Beauty,2,500,125,1000
117,8/4/2023,11:38:00,8,Male,19,Electronics,2,500,230,1000
104,6/9/2022,22:58:00,129,Female,34,Beauty,2,500,190,1000
97,11/26/2022,18:17:00,112,Female,51,Beauty,2,500,555,1000
94,3/13/2023,22:39:00,5,Female,47,Beauty,2,500,250,1000
49,9/17/2022,10:33:00,37,Female,54,Electronics,2,500,255,1000
26,10/14/2023,17:54:00,51,Female,28,Electronics,2,500,600,1000
2,6/24/2022,10:07:00,104,Female,26,Clothing,2,500,135,1000
1987,5/26/2023,18:18:00,2,Female,30,Clothing,3,300,129,900
1969,3/5/2023,19:34:00,4,Female,40,Clothing,3,300,126,900
1968,9/21/2022,19:09:00,75,Female,48,Clothing,3,300,153,900
1964,8/2/2022,8:27:00,115,Male,24,Clothing,3,300,111,900
1954,10/29/2023,17:30:00,93,Female,50,Electronics,3,300,318,900
1950,12/4/2022,19:23:00,50,Male,36,Clothing,3,300,84,900
1923,4/3/2022,17:38:00,74,Male,32,Beauty,3,300,159,900
1911,12/13/2023,18:33:00,4,Male,42,Electronics,3,300,75,900
1891,12/22/2023,6:11:00,81,Male,41,Electronics,3,300,105,900
1886,7/26/2023,11:51:00,1,Male,37,Electronics,3,300,147,900
1827,11/9/2022,20:02:00,62,Male,61,Beauty,3,300,132,900
1806,6/14/2023,10:13:00,61,Female,35,Beauty,3,300,102,900
1788,5/3/2022,20:35:00,98,Female,52,Beauty,3,300,150,900
1782,4/7/2023,20:23:00,116,Male,59,Clothing,3,300,141,900
1766,11/22/2022,6:08:00,6,Male,38,Electronics,3,300,129,900
1727,8/8/2023,21:06:00,72,Male,55,Beauty,3,300,75,900
1722,1/30/2022,20:38:00,22,Male,20,Beauty,3,300,159,900
1708,2/8/2022,7:47:00,41,Female,43,Beauty,3,300,162,900
1690,9/5/2023,17:36:00,101,Female,52,Clothing,3,300,369,900
1680,9/3/2023,17:12:00,72,Female,53,Clothing,3,300,324,900
1678,9/16/2022,13:44:00,99,Female,60,Electronics,3,300,102,900
1635,4/17/2023,18:08:00,36,Female,63,Electronics,3,300,159,900
1624,11/18/2022,20:48:00,121,Female,34,Beauty,3,300,363,900
1590,8/10/2023,9:39:00,142,Male,36,Clothing,3,300,147,900
1582,10/17/2023,19:12:00,56,Male,35,Clothing,3,300,114,900
1567,4/7/2023,17:10:00,76,Female,25,Clothing,3,300,162,900
1551,11/12/2023,22:36:00,84,Male,45,Electronics,3,300,81,900
1550,9/30/2022,13:11:00,73,Male,40,Clothing,3,300,147,900
1540,10/12/2023,16:51:00,115,Female,46,Electronics,3,300,147,900
1515,2/4/2023,21:49:00,107,Female,49,Clothing,3,300,135,900
1509,11/25/2022,20:40:00,67,Female,37,Electronics,3,300,129,900
1491,5/26/2023,22:14:00,107,Female,60,Electronics,3,300,129,900
1488,11/12/2022,19:24:00,9,Female,51,Electronics,3,300,126,900
1472,12/18/2023,15:22:00,74,Female,38,Beauty,3,300,150,900
1457,3/25/2023,21:31:00,140,Female,58,Beauty,3,300,108,900
1435,10/27/2022,13:31:00,61,Female,30,Beauty,3,300,114,900
1430,10/31/2023,18:25:00,22,Female,43,Electronics,3,300,132,900
1417,12/26/2022,17:43:00,54,Male,43,Electronics,3,300,147,900
1409,11/22/2023,12:15:00,102,Female,21,Electronics,3,300,138,900
1407,4/10/2022,19:41:00,54,Female,46,Electronics,3,300,120,900
1334,9/21/2022,20:37:00,60,Male,31,Electronics,3,300,366,900
1323,8/15/2022,10:49:00,136,Female,29,Beauty,3,300,114,900
1295,11/4/2023,19:28:00,86,Female,27,Beauty,3,300,81,900
1265,11/5/2022,14:35:00,86,Male,55,Clothing,3,300,111,900
1264,5/27/2022,9:23:00,82,Male,47,Clothing,3,300,123,900
1248,9/8/2022,8:20:00,68,Male,26,Clothing,3,300,111,900
1243,12/8/2023,17:11:00,4,Female,47,Electronics,3,300,138,900
1198,8/7/2022,10:43:00,147,Female,54,Beauty,3,300,159,900
1196,12/31/2022,21:18:00,93,Female,32,Clothing,3,300,306,900
1183,12/28/2022,17:10:00,54,Female,43,Beauty,3,300,342,900
1180,1/6/2022,8:53:00,85,Male,41,Clothing,3,300,129,900
1171,10/5/2022,21:05:00,87,Female,52,Clothing,3,300,84,900
1154,12/16/2023,21:44:00,29,Male,51,Electronics,3,300,291,900
1133,3/5/2022,6:42:00,58,Male,20,Electronics,3,300,159,900
1110,10/26/2022,19:14:00,62,Male,27,Clothing,3,300,114,900
1056,4/17/2022,19:46:00,54,Female,26,Clothing,3,300,114,900
1048,7/12/2023,19:14:00,3,Male,54,Electronics,3,300,93,900
1042,2/11/2022,6:21:00,7,Male,22,Clothing,3,300,150,900
1036,8/17/2022,18:03:00,121,Male,52,Beauty,3,300,117,900
1035,4/26/2023,21:56:00,52,Female,58,Beauty,3,300,105,900
1030,11/27/2022,18:02:00,96,Female,39,Beauty,3,300,309,900
1020,11/22/2022,18:30:00,86,Male,22,Clothing,3,300,300,900
987,11/8/2023,18:45:00,1,Female,30,Clothing,3,300,165,900
969,11/27/2023,11:47:00,2,Female,40,Clothing,3,300,84,900
968,12/18/2023,20:34:00,101,Female,48,Clothing,3,300,120,900
964,8/26/2022,8:18:00,15,Male,24,Clothing,3,300,156,900
954,9/5/2023,21:03:00,87,Female,50,Electronics,3,300,321,900
950,9/22/2022,21:27:00,75,Male,36,Clothing,3,300,144,900
923,6/10/2023,17:20:00,62,Male,32,Beauty,3,300,165,900
911,7/15/2023,17:29:00,3,Male,42,Electronics,3,300,84,900
891,1/9/2023,6:43:00,24,Male,41,Electronics,3,300,99,900
886,12/11/2023,11:25:00,4,Male,37,Electronics,3,300,165,900
827,10/28/2023,19:24:00,96,Male,61,Beauty,3,300,165,900
806,1/22/2023,8:08:00,14,Female,35,Beauty,3,300,165,900
788,6/20/2022,18:54:00,90,Female,52,Beauty,3,300,105,900
782,4/13/2022,21:51:00,71,Male,59,Clothing,3,300,150,900
766,1/4/2022,8:02:00,128,Male,38,Electronics,3,300,165,900
727,11/15/2023,18:37:00,32,Male,55,Beauty,3,300,105,900
722,2/24/2023,18:35:00,25,Male,20,Beauty,3,300,162,900
708,4/6/2022,8:38:00,62,Female,43,Beauty,3,300,87,900
690,12/19/2023,18:39:00,91,Female,52,Clothing,3,300,324,900
680,12/1/2022,22:04:00,110,Female,53,Clothing,3,300,330,900
678,11/17/2022,15:55:00,70,Female,60,Electronics,3,300,144,900
635,12/4/2022,21:03:00,89,Female,63,Electronics,3,300,129,900
624,2/5/2022,19:08:00,48,Female,34,Beauty,3,300,342,900
590,5/4/2023,11:52:00,151,Male,36,Clothing,3,300,135,900
582,9/30/2022,21:38:00,110,Male,35,Clothing,3,300,75,900
567,5/8/2023,19:53:00,5,Female,25,Clothing,3,300,144,900
551,3/21/2023,22:45:00,99,Male,45,Electronics,3,300,141,900
550,9/27/2023,16:58:00,80,Male,40,Clothing,3,300,90,900
540,12/22/2022,16:17:00,79,Female,46,Electronics,3,300,87,900
515,2/13/2022,20:47:00,71,Female,49,Clothing,3,300,75,900
509,7/10/2023,19:35:00,70,Female,37,Electronics,3,300,141,900
491,12/30/2023,21:11:00,4,Female,60,Electronics,3,300,78,900
488,7/5/2022,17:28:00,26,Female,51,Electronics,3,300,123,900
472,10/30/2023,15:23:00,95,Female,38,Beauty,3,300,162,900
457,11/28/2022,22:49:00,38,Female,58,Beauty,3,300,147,900
435,12/15/2023,13:41:00,113,Female,30,Beauty,3,300,108,900
430,5/23/2023,18:36:00,100,Female,43,Electronics,3,300,153,900
417,10/1/2023,22:03:00,109,Male,43,Electronics,3,300,162,900
409,12/17/2023,12:30:00,55,Female,21,Electronics,3,300,87,900
407,7/16/2022,22:17:00,117,Female,46,Electronics,3,300,138,900
334,10/16/2022,20:37:00,103,Male,31,Electronics,3,300,360,900
323,1/21/2022,8:22:00,97,Female,29,Beauty,3,300,150,900
295,2/1/2022,20:23:00,80,Female,27,Beauty,3,300,105,900
265,11/24/2022,12:12:00,80,Male,55,Clothing,3,300,132,900
264,12/26/2022,11:03:00,111,Male,47,Clothing,3,300,150,900
248,7/2/2022,7:11:00,5,Male,26,Clothing,3,300,126,900
243,6/24/2023,18:02:00,5,Female,47,Electronics,3,300,156,900
198,5/21/2022,11:42:00,30,Female,54,Beauty,3,300,114,900
196,12/29/2023,19:14:00,43,Female,32,Clothing,3,300,312,900
183,9/1/2022,19:22:00,28,Female,43,Beauty,3,300,375,900
180,11/5/2022,10:47:00,117,Male,41,Clothing,3,300,129,900
171,10/14/2022,20:10:00,109,Female,52,Clothing,3,300,126,900
154,12/24/2022,17:47:00,24,Male,51,Electronics,3,300,321,900
133,6/23/2022,9:01:00,70,Male,20,Electronics,3,300,87,900
110,11/18/2022,17:28:00,149,Male,27,Clothing,3,300,99,900
56,12/27/2022,19:37:00,97,Female,26,Clothing,3,300,120,900
48,10/6/2023,17:34:00,2,Male,54,Electronics,3,300,123,900
42,12/8/2022,8:29:00,63,Male,22,Clothing,3,300,147,900
36,2/22/2023,22:06:00,40,Male,52,Beauty,3,300,144,900
35,10/29/2022,17:30:00,122,Female,58,Beauty,3,300,126,900
30,10/10/2023,20:05:00,59,Female,39,Beauty,3,300,285,900
20,12/12/2023,21:35:00,85,Male,22,Clothing,3,300,345,900
1976,10/15/2023,21:10:00,108,Female,48,Beauty,2,300,360,600
1899,5/3/2023,21:03:00,51,Male,26,Clothing,2,300,99,600
1842,10/4/2022,14:03:00,84,Female,47,Clothing,2,300,75,600
1838,6/28/2023,17:06:00,4,Male,47,Electronics,2,300,102,600
1702,7/31/2023,21:54:00,102,Female,60,Clothing,2,300,87,600
1649,10/21/2022,7:44:00,72,Female,58,Clothing,2,300,75,600
1637,10/25/2022,20:50:00,97,Male,43,Clothing,2,300,297,600
1610,11/23/2022,10:18:00,1,Female,26,Beauty,2,300,102,600
1594,10/1/2023,19:02:00,31,Female,19,Electronics,2,300,345,600
1543,10/3/2022,22:40:00,73,Male,49,Beauty,2,300,123,600
1508,4/8/2022,20:32:00,90,Male,58,Beauty,2,300,81,600
1496,9/3/2022,15:05:00,110,Male,23,Clothing,2,300,120,600
1464,11/13/2022,10:06:00,80,Male,38,Electronics,2,300,126,600
1443,6/18/2022,19:37:00,81,Male,29,Clothing,2,300,147,600
1440,9/1/2023,19:20:00,86,Male,64,Clothing,2,300,354,600
1403,3/25/2023,18:20:00,4,Male,32,Clothing,2,300,162,600
1402,6/24/2023,6:47:00,110,Female,41,Clothing,2,300,156,600
1398,7/19/2023,17:20:00,1,Female,48,Clothing,2,300,120,600
1392,9/12/2022,12:28:00,70,Male,27,Clothing,2,300,90,600
1386,12/19/2023,14:06:00,110,Female,54,Electronics,2,300,81,600
1380,2/9/2023,19:45:00,3,Male,56,Electronics,2,300,159,600
1373,10/2/2023,20:26:00,64,Female,25,Beauty,2,300,294,600
1348,10/25/2023,17:21:00,79,Female,35,Electronics,2,300,87,600
1302,12/21/2022,17:55:00,20,Male,57,Beauty,2,300,102,600
1291,4/4/2022,11:19:00,72,Male,60,Clothing,2,300,153,600
1290,12/30/2022,22:40:00,66,Female,30,Beauty,2,300,318,600
1233,10/1/2023,16:20:00,79,Female,51,Beauty,2,300,117,600
1221,9/14/2023,22:57:00,5,Male,39,Beauty,2,300,114,600
1158,2/24/2022,9:29:00,77,Female,44,Electronics,2,300,138,600
1136,7/2/2023,8:41:00,93,Male,44,Electronics,2,300,81,600
1131,12/31/2022,19:16:00,130,Female,21,Beauty,2,300,336,600
1129,9/8/2023,21:46:00,1,Female,21,Beauty,2,300,156,600
1101,5/17/2022,7:47:00,15,Male,32,Clothing,2,300,132,600
1096,12/1/2022,14:49:00,82,Female,44,Clothing,2,300,138,600
1009,9/22/2023,14:18:00,88,Male,63,Electronics,2,300,78,600
976,10/8/2023,19:50:00,56,Female,48,Beauty,2,300,345,600
899,5/22/2023,21:34:00,147,Male,26,Clothing,2,300,153,600
842,11/28/2022,14:13:00,71,Female,47,Clothing,2,300,105,600
838,9/30/2023,21:20:00,1,Male,47,Electronics,2,300,153,600
702,3/3/2023,17:18:00,66,Female,60,Clothing,2,300,78,600
649,6/21/2022,8:17:00,44,Female,58,Clothing,2,300,135,600
637,12/2/2022,18:54:00,21,Male,43,Clothing,2,300,321,600
610,12/18/2022,6:56:00,137,Female,26,Beauty,2,300,93,600
594,9/7/2023,21:49:00,72,Female,19,Electronics,2,300,291,600
543,4/16/2022,20:30:00,121,Male,49,Beauty,2,300,75,600
508,7/5/2023,22:52:00,32,Male,58,Beauty,2,300,123,600
496,12/12/2022,13:07:00,91,Male,23,Clothing,2,300,141,600
464,3/6/2022,11:13:00,24,Male,38,Electronics,2,300,75,600
443,9/19/2023,20:25:00,98,Male,29,Clothing,2,300,114,600
440,11/22/2023,20:15:00,110,Male,64,Clothing,2,300,348,600
403,4/22/2023,19:31:00,5,Male,32,Clothing,2,300,78,600
402,7/12/2023,8:45:00,63,Female,41,Clothing,2,300,135,600
398,2/23/2023,21:17:00,5,Female,48,Clothing,2,300,114,600
392,12/21/2022,13:11:00,77,Male,27,Clothing,2,300,78,600
386,10/23/2022,13:20:00,77,Female,54,Electronics,2,300,153,600
380,8/30/2023,22:26:00,2,Male,56,Electronics,2,300,102,600
373,9/23/2022,22:19:00,78,Female,25,Beauty,2,300,333,600
348,10/17/2022,20:20:00,83,Female,35,Electronics,2,300,147,600
302,2/9/2023,17:51:00,26,Male,57,Beauty,2,300,135,600
291,11/22/2022,8:29:00,15,Male,60,Clothing,2,300,126,600
290,12/8/2023,21:39:00,86,Female,30,Beauty,2,300,342,600
233,9/3/2022,13:09:00,81,Female,51,Beauty,2,300,132,600
221,11/27/2023,21:01:00,3,Male,39,Beauty,2,300,111,600
158,1/21/2022,11:38:00,141,Female,44,Electronics,2,300,132,600
136,12/26/2023,8:59:00,25,Male,44,Electronics,2,300,141,600
131,9/29/2023,22:32:00,44,Female,21,Beauty,2,300,375,600
129,4/17/2023,17:42:00,1,Female,21,Beauty,2,300,75,600
101,1/8/2022,8:46:00,24,Male,32,Clothing,2,300,135,600
96,11/22/2023,14:10:00,62,Female,44,Clothing,2,300,84,600
9,12/2/2022,13:12:00,85,Male,63,Electronics,2,300,78,600
1984,9/9/2023,20:10:00,126,Male,56,Clothing,1,500,530,500
1937,9/7/2022,17:57:00,52,Female,62,Beauty,1,500,620,500
1934,9/8/2022,17:06:00,69,Male,30,Beauty,1,500,150,500
1914,11/5/2023,17:49:00,70,Female,59,Electronics,1,500,510,500
1904,11/25/2022,19:41:00,117,Male,28,Clothing,1,500,220,500
1883,9/20/2023,17:54:00,3,Male,40,Electronics,1,500,200,500
1867,5/16/2023,19:55:00,144,Male,21,Electronics,1,500,190,500
1864,4/30/2023,21:00:00,112,Female,51,Electronics,1,500,190,500
1845,5/24/2022,7:06:00,94,Male,,Clothing,1,500,185,500
1818,9/20/2023,17:29:00,4,Male,30,Electronics,1,500,150,500
1814,9/7/2022,17:53:00,43,Female,59,Clothing,1,500,620,500
1784,12/28/2023,20:58:00,100,Female,34,Electronics,1,500,500,500
1781,10/13/2022,12:22:00,55,Male,35,Beauty,1,500,225,500
1761,12/9/2023,18:46:00,72,Female,33,Clothing,1,500,200,500
1760,8/23/2023,7:26:00,44,Male,27,Beauty,1,500,230,500
1721,1/21/2023,22:42:00,3,Female,52,Clothing,1,500,215,500
1717,1/12/2023,9:40:00,21,Male,57,Clothing,1,500,175,500
1714,11/23/2022,6:07:00,111,Female,18,Clothing,1,500,245,500
1707,9/17/2023,18:35:00,144,Female,26,Clothing,1,500,535,500
1697,12/18/2022,8:22:00,54,Male,53,Clothing,1,500,265,500
1667,7/4/2022,19:09:00,40,Female,29,Electronics,1,500,125,500
1655,5/28/2023,17:57:00,8,Female,55,Clothing,1,500,125,500
1638,8/13/2022,18:26:00,37,Male,46,Electronics,1,500,155,500
1612,12/18/2022,21:14:00,140,Female,61,Electronics,1,500,230,500
1570,6/15/2023,22:32:00,109,Male,49,Clothing,1,500,170,500
1541,10/2/2023,22:17:00,57,Male,56,Beauty,1,500,195,500
1539,12/6/2022,21:52:00,96,Male,25,Beauty,1,500,170,500
1537,11/29/2022,17:57:00,116,Female,21,Beauty,1,500,140,500
1531,9/22/2022,13:19:00,56,Male,31,Electronics,1,500,250,500
1408,8/28/2023,8:17:00,2,Female,64,Beauty,1,500,250,500
1394,4/17/2022,20:06:00,14,Female,27,Clothing,1,500,250,500
1384,12/17/2023,20:23:00,106,Male,55,Clothing,1,500,260,500
1364,9/23/2023,17:04:00,72,Female,19,Beauty,1,500,250,500
1355,9/17/2023,13:19:00,107,Female,55,Electronics,1,500,155,500
1353,9/4/2023,21:59:00,3,Male,31,Electronics,1,500,235,500
1337,7/21/2023,19:56:00,2,Male,38,Clothing,1,500,225,500
1322,11/14/2022,9:56:00,10,Male,51,Electronics,1,500,250,500
1319,11/25/2023,17:17:00,76,Male,31,Clothing,1,500,585,500
1283,10/14/2023,20:15:00,1,Female,18,Electronics,1,500,130,500
1279,4/21/2022,22:55:00,116,Male,50,Clothing,1,500,170,500
1254,4/12/2023,18:24:00,86,Male,41,Electronics,1,500,180,500
1238,9/17/2022,7:38:00,129,Female,39,Beauty,1,500,165,500
1220,6/29/2022,11:16:00,47,Male,64,Beauty,1,500,240,500
1130,2/20/2023,9:03:00,28,Female,57,Clothing,1,500,180,500
1128,1/4/2022,17:35:00,60,Male,25,Beauty,1,500,135,500
1105,11/12/2022,19:09:00,19,Female,22,Electronics,1,500,270,500
1091,7/15/2023,8:46:00,139,Female,55,Electronics,1,500,235,500
1088,9/14/2023,7:00:00,6,Male,56,Clothing,1,500,155,500
1028,3/9/2023,18:09:00,1,Female,43,Beauty,1,500,250,500
1021,6/11/2022,10:19:00,44,Female,50,Beauty,1,500,155,500
1004,1/11/2023,21:46:00,2,Male,37,Clothing,1,500,230,500
984,11/20/2023,19:29:00,83,Male,56,Clothing,1,500,480,500
937,10/18/2022,19:57:00,50,Female,62,Beauty,1,500,510,500
934,11/22/2022,18:20:00,111,Male,30,Beauty,1,500,240,500
914,9/7/2022,22:25:00,83,Female,59,Electronics,1,500,510,500
904,4/1/2022,20:26:00,43,Male,28,Clothing,1,500,160,500
883,8/20/2023,20:43:00,5,Male,40,Electronics,1,500,245,500
867,7/24/2022,22:40:00,152,Male,21,Electronics,1,500,185,500
864,7/31/2023,22:16:00,139,Female,51,Electronics,1,500,215,500
845,10/27/2022,10:12:00,25,Male,,Clothing,1,500,145,500
818,5/29/2023,18:56:00,4,Male,30,Electronics,1,500,265,500
814,10/1/2022,20:33:00,96,Female,59,Clothing,1,500,540,500
784,10/18/2023,22:44:00,71,Female,34,Electronics,1,500,610,500
781,10/19/2022,16:52:00,106,Male,35,Beauty,1,500,225,500
761,11/14/2022,22:16:00,64,Female,33,Clothing,1,500,275,500
760,6/26/2023,7:59:00,14,Male,27,Beauty,1,500,125,500
721,6/23/2023,17:10:00,5,Female,52,Clothing,1,500,145,500
717,11/30/2023,8:15:00,8,Male,57,Clothing,1,500,190,500
714,10/29/2022,8:50:00,20,Female,18,Clothing,1,500,190,500
707,10/23/2023,20:34:00,117,Female,26,Clothing,1,500,580,500
697,12/25/2022,7:52:00,152,Male,53,Clothing,1,500,200,500
667,12/1/2022,18:46:00,22,Female,29,Electronics,1,500,190,500
655,10/31/2022,18:43:00,19,Female,55,Clothing,1,500,210,500
638,1/10/2023,19:52:00,154,Male,46,Electronics,1,500,190,500
612,2/23/2022,19:06:00,77,Female,61,Electronics,1,500,235,500
570,6/9/2022,22:53:00,91,Male,49,Clothing,1,500,185,500
541,12/25/2022,18:37:00,39,Male,56,Beauty,1,500,215,500
539,11/30/2023,18:13:00,135,Male,25,Beauty,1,500,205,500
537,10/1/2023,18:07:00,98,Female,21,Beauty,1,500,275,500
531,10/8/2022,12:30:00,105,Male,31,Electronics,1,500,275,500
408,12/22/2023,8:18:00,4,Female,64,Beauty,1,500,140,500
394,8/19/2022,19:27:00,105,Female,27,Clothing,1,500,165,500
384,4/10/2022,19:53:00,127,Male,55,Clothing,1,500,145,500
364,6/7/2022,19:06:00,98,Female,19,Beauty,1,500,200,500
355,9/23/2022,13:42:00,96,Female,55,Electronics,1,500,260,500
353,3/18/2023,21:35:00,5,Male,31,Electronics,1,500,270,500
337,8/22/2023,17:56:00,1,Male,38,Clothing,1,500,275,500
322,10/19/2022,6:11:00,13,Male,51,Electronics,1,500,125,500
319,11/7/2022,18:50:00,145,Male,31,Clothing,1,500,500,500
283,6/1/2023,20:08:00,3,Female,18,Electronics,1,500,165,500
279,8/10/2023,17:29:00,38,Male,50,Clothing,1,500,210,500
254,12/14/2022,22:45:00,104,Male,41,Electronics,1,500,165,500
238,5/10/2022,11:52:00,20,Female,39,Beauty,1,500,150,500
220,5/7/2022,6:44:00,138,Male,64,Beauty,1,500,140,500
130,6/19/2023,6:21:00,114,Female,57,Clothing,1,500,125,500
128,12/21/2022,22:22:00,77,Male,25,Beauty,1,500,180,500
105,6/18/2023,18:05:00,82,Female,22,Electronics,1,500,230,500
91,4/14/2023,6:31:00,152,Female,55,Electronics,1,500,235,500
88,2/16/2023,8:31:00,122,Male,56,Clothing,1,500,185,500
28,12/11/2023,22:34:00,3,Female,43,Beauty,1,500,150,500
21,7/11/2022,7:33:00,59,Female,50,Beauty,1,500,275,500
4,8/27/2023,18:12:00,3,Male,37,Clothing,1,500,200,500
1983,12/21/2022,21:38:00,114,Female,29,Clothing,1,300,303,300
1947,3/5/2022,6:27:00,134,Male,50,Beauty,1,300,75,300
1939,10/31/2022,13:30:00,74,Female,46,Electronics,1,300,135,300
1925,12/21/2023,17:05:00,81,Male,25,Electronics,1,300,366,300
1909,10/22/2022,19:41:00,17,Male,26,Electronics,1,300,339,300
1905,8/29/2023,6:07:00,26,Male,58,Beauty,1,300,102,300
1881,7/11/2023,17:23:00,5,Male,22,Electronics,1,300,147,300
1868,12/6/2022,16:23:00,78,Female,25,Electronics,1,300,138,300
1865,11/18/2022,14:52:00,107,Female,42,Clothing,1,300,156,300
1852,10/11/2023,18:09:00,109,Female,41,Clothing,1,300,333,300
1826,12/30/2022,22:05:00,104,Female,46,Clothing,1,300,297,300
1821,10/3/2022,7:17:00,42,Male,49,Electronics,1,300,108,300
1795,12/29/2023,18:50:00,86,Male,57,Electronics,1,300,105,300
1794,12/22/2022,19:40:00,26,Female,60,Beauty,1,300,351,300
1783,9/5/2023,16:37:00,52,Female,56,Clothing,1,300,135,300
1741,9/2/2023,20:47:00,70,Male,48,Clothing,1,300,132,300
1725,5/16/2022,21:02:00,109,Male,61,Electronics,1,300,105,300
1698,4/7/2022,21:50:00,146,Female,64,Electronics,1,300,105,300
1687,2/17/2023,22:27:00,102,Female,53,Electronics,1,300,81,300
1674,11/22/2023,9:21:00,1,Female,38,Clothing,1,300,123,300
1641,9/1/2022,17:41:00,65,Female,40,Electronics,1,300,165,300
1625,9/27/2023,16:36:00,52,Male,31,Clothing,1,300,147,300
1602,12/1/2022,15:17:00,86,Female,20,Electronics,1,300,126,300
1596,3/28/2022,6:22:00,7,Female,64,Electronics,1,300,141,300
1568,10/9/2022,22:34:00,51,Female,51,Electronics,1,300,336,300
1555,12/19/2022,18:54:00,55,Male,25,Beauty,1,300,312,300
1523,12/31/2023,20:40:00,150,Female,62,Electronics,1,300,330,300
1514,7/12/2022,10:55:00,59,Female,18,Electronics,1,300,75,300
1445,4/19/2022,6:16:00,31,Female,53,Electronics,1,300,129,300
1401,10/1/2022,21:20:00,85,Female,62,Clothing,1,300,294,300
1378,4/28/2022,21:56:00,27,Male,50,Beauty,1,300,132,300
1365,11/8/2023,20:22:00,18,Male,31,Clothing,1,300,156,300
1358,5/4/2023,21:40:00,5,Female,32,Beauty,1,300,156,300
1270,8/25/2022,22:54:00,84,Male,43,Electronics,1,300,108,300
1252,12/30/2023,20:18:00,5,Male,54,Electronics,1,300,117,300
1240,8/7/2022,7:42:00,144,Female,23,Beauty,1,300,90,300
1179,12/12/2023,17:28:00,122,Male,31,Electronics,1,300,354,300
1174,5/17/2023,6:55:00,2,Female,39,Beauty,1,300,132,300
1168,7/10/2022,7:56:00,68,Male,53,Clothing,1,300,150,300
1147,11/25/2023,22:14:00,35,Male,23,Electronics,1,300,330,300
1079,8/21/2023,6:45:00,1,Male,34,Beauty,1,300,117,300
1070,7/14/2022,11:12:00,102,Female,43,Clothing,1,300,120,300
1068,9/14/2022,10:11:00,136,Male,25,Electronics,1,300,111,300
1052,2/12/2022,6:12:00,94,Female,36,Beauty,1,300,120,300
1043,11/30/2023,18:10:00,20,Female,48,Clothing,1,300,87,300
1024,12/3/2023,21:51:00,72,Female,49,Clothing,1,300,126,300
983,10/10/2022,20:12:00,61,Female,29,Clothing,1,300,345,300
947,7/31/2022,7:09:00,4,Male,50,Beauty,1,300,129,300
939,11/7/2022,15:28:00,75,Female,46,Electronics,1,300,81,300
925,12/20/2022,17:12:00,54,Male,25,Electronics,1,300,315,300
909,10/29/2023,19:43:00,71,Male,26,Electronics,1,300,288,300
905,10/1/2023,6:27:00,96,Male,58,Beauty,1,300,111,300
881,12/21/2023,20:52:00,4,Male,22,Electronics,1,300,99,300
868,12/4/2023,13:39:00,110,Female,25,Electronics,1,300,111,300
865,12/17/2023,14:49:00,78,Female,42,Clothing,1,300,108,300
852,10/1/2022,19:35:00,82,Female,41,Clothing,1,300,375,300
826,12/24/2022,19:08:00,81,Female,46,Clothing,1,300,303,300
821,11/23/2022,11:27:00,40,Male,49,Electronics,1,300,129,300
795,10/3/2023,19:51:00,71,Male,57,Electronics,1,300,102,300
794,11/2/2022,21:47:00,145,Female,60,Beauty,1,300,315,300
783,11/11/2022,15:37:00,91,Female,56,Clothing,1,300,150,300
741,12/24/2022,22:30:00,53,Male,48,Clothing,1,300,141,300
725,9/21/2023,20:32:00,2,Male,61,Electronics,1,300,153,300
698,3/17/2022,20:56:00,116,Female,64,Electronics,1,300,123,300
687,6/27/2022,17:14:00,86,Female,53,Electronics,1,300,150,300
674,3/30/2023,11:10:00,2,Female,38,Clothing,1,300,84,300
641,12/25/2023,18:30:00,105,Female,40,Electronics,1,300,144,300
625,12/25/2022,13:36:00,68,Male,31,Clothing,1,300,123,300
602,12/12/2023,16:46:00,75,Female,20,Electronics,1,300,96,300
596,2/12/2022,8:44:00,87,Female,64,Electronics,1,300,93,300
568,8/11/2023,20:03:00,32,Female,51,Electronics,1,300,372,300
555,12/14/2022,19:35:00,103,Male,25,Beauty,1,300,360,300
523,11/13/2023,19:18:00,110,Female,62,Electronics,1,300,375,300
514,11/4/2022,8:35:00,139,Female,18,Electronics,1,300,96,300
445,4/14/2022,10:48:00,132,Female,53,Electronics,1,300,138,300
401,12/3/2023,19:03:00,51,Female,62,Clothing,1,300,372,300
378,11/3/2022,18:16:00,81,Male,50,Beauty,1,300,165,300
365,2/23/2023,22:12:00,151,Male,31,Clothing,1,300,93,300
358,10/12/2023,18:32:00,4,Female,32,Beauty,1,300,132,300
270,12/17/2022,17:46:00,84,Male,43,Electronics,1,300,117,300
252,5/5/2023,17:37:00,1,Male,54,Electronics,1,300,84,300
240,11/5/2022,11:49:00,95,Female,23,Beauty,1,300,123,300
179,10/7/2023,20:42:00,121,Male,31,Electronics,1,300,375,300
174,11/15/2023,6:07:00,2,Female,39,Beauty,1,300,126,300
168,4/29/2022,9:20:00,138,Male,53,Clothing,1,300,102,300
147,11/12/2022,20:30:00,101,Male,23,Electronics,1,300,297,300
79,4/13/2023,10:15:00,1,Male,34,Beauty,1,300,96,300
70,12/27/2022,10:48:00,147,Female,43,Clothing,1,300,84,300
68,12/15/2022,9:06:00,146,Male,25,Electronics,1,300,84,300
52,9/19/2022,9:42:00,55,Female,36,Beauty,1,300,111,300
43,3/18/2023,21:42:00,118,Female,48,Clothing,1,300,111,300
24,12/14/2023,22:59:00,59,Female,49,Clothing,1,300,87,300
1975,8/21/2023,10:48:00,63,Female,56,Clothing,4,50,25.5,200
1971,9/12/2022,16:19:00,90,Female,27,Electronics,4,50,19,200
1965,12/12/2022,20:03:00,93,Male,22,Clothing,4,50,21.5,200
1961,5/15/2022,21:17:00,95,Male,53,Beauty,4,50,20.5,200
1938,10/12/2022,20:15:00,76,Male,49,Clothing,4,50,13.5,200
1936,6/19/2022,11:32:00,60,Male,57,Beauty,4,50,12.5,200
1930,12/21/2023,19:58:00,5,Male,54,Clothing,4,50,13,200
1917,5/2/2022,7:17:00,52,Female,57,Electronics,4,50,24,200
1903,7/27/2023,21:44:00,5,Female,51,Beauty,4,50,19,200
1860,3/12/2022,11:21:00,57,Male,63,Clothing,4,50,18,200
1835,9/18/2022,20:58:00,98,Male,37,Clothing,4,50,49.5,200
1833,1/30/2022,17:20:00,56,Male,42,Beauty,4,50,18,200
1820,5/13/2023,21:31:00,1,Male,49,Electronics,4,50,22,200
1817,9/11/2022,21:22:00,82,Male,30,Beauty,4,50,50,200
1807,8/4/2022,22:15:00,19,Female,50,Electronics,4,50,22,200
1801,7/10/2022,22:01:00,148,Male,21,Clothing,4,50,13.5,200
1785,2/20/2022,11:17:00,144,Female,31,Beauty,4,50,17,200
1765,10/18/2022,22:49:00,13,Male,43,Clothing,4,50,16,200
1740,7/16/2022,6:01:00,66,Female,25,Beauty,4,50,27,200
1723,2/10/2022,17:43:00,40,Female,54,Beauty,4,50,18,200
1696,11/21/2022,17:59:00,24,Female,50,Clothing,4,50,55,200
1686,12/10/2023,20:41:00,151,Female,28,Electronics,4,50,26,200
1639,12/20/2023,18:13:00,5,Female,62,Beauty,4,50,24,200
1628,12/28/2022,22:23:00,51,Female,19,Beauty,4,50,58.5,200
1604,12/29/2022,18:43:00,2,Female,29,Electronics,4,50,56,200
1584,9/3/2022,11:07:00,62,Female,27,Beauty,4,50,16.5,200
1569,11/30/2023,21:07:00,35,Male,52,Electronics,4,50,18,200
1546,12/18/2022,19:06:00,93,Female,36,Electronics,4,50,48,200
1510,11/20/2022,18:21:00,124,Female,39,Beauty,4,50,19,200
1494,10/23/2022,19:29:00,74,Female,42,Beauty,4,50,62.5,200
1449,4/26/2022,18:42:00,12,Male,25,Electronics,4,50,23.5,200
1433,1/16/2022,11:41:00,113,Male,29,Beauty,4,50,15.5,200
1428,9/9/2023,18:44:00,96,Female,40,Electronics,4,50,57,200
1411,11/24/2023,20:27:00,1,Male,62,Electronics,4,50,26,200
1400,9/12/2022,11:54:00,115,Male,53,Clothing,4,50,20,200
1377,3/21/2022,7:52:00,71,Female,46,Clothing,4,50,14,200
1354,9/17/2023,9:34:00,5,Female,49,Beauty,4,50,26.5,200
1341,1/30/2023,22:10:00,1,Male,31,Clothing,4,50,21,200
1330,11/24/2023,17:49:00,20,Female,25,Beauty,4,50,48,200
1300,8/8/2022,8:57:00,7,Female,19,Electronics,4,50,24,200
1284,12/16/2022,11:43:00,145,Male,43,Clothing,4,50,18,200
1282,2/20/2023,20:05:00,23,Female,64,Electronics,4,50,48.5,200
1259,11/3/2022,17:31:00,105,Female,45,Clothing,4,50,21,200
1251,9/11/2022,21:08:00,137,Female,57,Beauty,4,50,57.5,200
1217,10/16/2023,19:28:00,70,Female,35,Electronics,4,50,18,200
1210,3/10/2023,10:02:00,5,Male,37,Electronics,4,50,12.5,200
1209,12/6/2022,12:37:00,55,Female,30,Electronics,4,50,23,200
1208,10/15/2022,17:44:00,9,Female,34,Electronics,4,50,47.5,200
1197,8/13/2022,10:07:00,77,Female,42,Clothing,4,50,19,200
1194,10/9/2023,22:06:00,130,Male,55,Clothing,4,50,61.5,200
1186,9/10/2023,18:24:00,5,Male,20,Clothing,4,50,18.5,200
1184,2/12/2022,8:28:00,23,Male,31,Electronics,4,50,27.5,200
1159,4/2/2023,18:08:00,41,Male,26,Clothing,4,50,18,200
1146,10/9/2023,21:11:00,52,Male,38,Clothing,4,50,60,200
1138,10/16/2023,11:59:00,27,Male,49,Clothing,4,50,14.5,200
1132,11/7/2023,17:27:00,14,Male,42,Electronics,4,50,59,200
1121,11/23/2022,21:10:00,95,Female,28,Electronics,4,50,50.5,200
1082,10/22/2022,15:56:00,111,Female,32,Beauty,4,50,27.5,200
1075,9/14/2022,19:17:00,92,Male,61,Beauty,4,50,21.5,200
1061,9/18/2023,7:56:00,3,Male,21,Beauty,4,50,12.5,200
1038,12/30/2023,9:09:00,11,Male,38,Beauty,4,50,20.5,200
1010,10/21/2022,22:11:00,65,Female,52,Clothing,4,50,54.5,200
975,1/9/2023,7:41:00,145,Female,56,Clothing,4,50,19.5,200
971,12/30/2023,16:50:00,64,Female,27,Electronics,4,50,26.5,200
965,11/27/2022,21:45:00,84,Male,22,Clothing,4,50,13,200
961,3/22/2023,22:36:00,86,Male,53,Beauty,4,50,23,200
938,9/16/2022,17:55:00,103,Male,49,Clothing,4,50,23,200
936,1/5/2022,10:51:00,143,Male,57,Beauty,4,50,19.5,200
930,1/12/2023,17:54:00,1,Male,54,Clothing,4,50,26,200
917,2/15/2022,11:50:00,120,Female,57,Electronics,4,50,16.5,200
903,7/27/2023,22:14:00,3,Female,51,Beauty,4,50,14,200
860,4/11/2022,8:58:00,85,Male,63,Clothing,4,50,16,200
835,9/30/2022,23:00:00,49,Male,37,Clothing,4,50,60,200
833,5/9/2023,18:39:00,85,Male,42,Beauty,4,50,24.5,200
820,2/17/2023,22:49:00,1,Male,49,Electronics,4,50,24,200
817,10/5/2022,21:12:00,87,Male,30,Beauty,4,50,49,200
807,1/26/2023,19:49:00,91,Female,50,Electronics,4,50,15.5,200
801,12/1/2022,17:14:00,153,Male,21,Clothing,4,50,19,200
785,10/19/2022,6:09:00,88,Female,31,Beauty,4,50,13,200
765,10/16/2022,19:03:00,77,Male,43,Clothing,4,50,12.5,200
740,12/1/2022,6:58:00,33,Female,25,Beauty,4,50,13,200
723,7/14/2022,21:57:00,120,Female,54,Beauty,4,50,20.5,200
696,10/9/2023,18:05:00,24,Female,50,Clothing,4,50,48.5,200
686,1/6/2022,17:14:00,68,Female,28,Electronics,4,50,23.5,200
639,8/1/2023,19:47:00,4,Female,62,Beauty,4,50,26.5,200
628,12/23/2023,18:00:00,66,Female,19,Beauty,4,50,59.5,200
604,9/16/2022,19:34:00,139,Female,29,Electronics,4,50,50.5,200
584,12/31/2022,10:21:00,106,Female,27,Beauty,4,50,16.5,200
569,4/29/2022,20:49:00,132,Male,52,Electronics,4,50,19,200
546,12/30/2022,22:32:00,57,Female,36,Electronics,4,50,53.5,200
510,5/29/2023,17:04:00,14,Female,39,Beauty,4,50,13,200
494,9/25/2023,20:18:00,140,Female,42,Beauty,4,50,58,200
449,1/3/2022,18:28:00,58,Male,25,Electronics,4,50,26.5,200
433,7/29/2022,8:48:00,144,Male,29,Beauty,4,50,20,200
428,12/2/2022,22:44:00,50,Female,40,Electronics,4,50,49.5,200
411,7/25/2023,20:04:00,3,Male,62,Electronics,4,50,24.5,200
400,3/8/2022,9:52:00,2,Male,53,Clothing,4,50,24,200
377,9/13/2022,8:30:00,141,Female,46,Clothing,4,50,18,200
354,12/16/2023,7:58:00,5,Female,49,Beauty,4,50,24.5,200
341,1/20/2023,17:06:00,5,Male,31,Clothing,4,50,18.5,200
330,10/11/2022,20:18:00,116,Female,25,Beauty,4,50,55,200
300,1/8/2022,9:41:00,138,Female,19,Electronics,4,50,26.5,200
284,11/12/2022,9:17:00,129,Male,43,Clothing,4,50,20.5,200
282,10/5/2023,17:39:00,10,Female,64,Electronics,4,50,56,200
259,3/11/2023,20:26:00,93,Female,45,Clothing,4,50,22.5,200
251,9/15/2022,21:00:00,141,Female,57,Beauty,4,50,62.5,200
217,5/2/2022,17:01:00,17,Female,35,Electronics,4,50,26.5,200
210,10/7/2023,8:50:00,2,Male,37,Electronics,4,50,19,200
209,9/3/2022,12:22:00,61,Female,30,Electronics,4,50,14,200
208,10/21/2023,20:56:00,144,Female,34,Electronics,4,50,57,200
197,4/3/2022,11:57:00,14,Female,42,Clothing,4,50,25.5,200
194,10/11/2023,19:27:00,116,Male,55,Clothing,4,50,51.5,200
186,3/31/2022,18:15:00,92,Male,20,Clothing,4,50,23.5,200
184,2/13/2022,6:44:00,128,Male,31,Electronics,4,50,17,200
159,11/10/2022,21:30:00,42,Male,26,Clothing,4,50,23.5,200
146,11/10/2022,22:01:00,74,Male,38,Clothing,4,50,49,200
138,4/27/2023,10:56:00,127,Male,49,Clothing,4,50,26.5,200
132,11/22/2023,20:34:00,86,Male,42,Electronics,4,50,62,200
121,10/7/2023,18:57:00,110,Female,28,Electronics,4,50,54.5,200
82,9/8/2022,12:55:00,85,Female,32,Beauty,4,50,15,200
75,5/15/2023,20:51:00,110,Male,61,Beauty,4,50,13.5,200
61,7/7/2023,11:47:00,4,Male,21,Beauty,4,50,20,200
38,2/25/2023,11:39:00,147,Male,38,Beauty,4,50,26,200
10,10/24/2022,22:55:00,81,Female,52,Clothing,4,50,62.5,200
1999,11/12/2022,13:06:00,61,Female,36,Electronics,3,50,13,150
1993,12/29/2022,11:53:00,123,Female,48,Electronics,3,50,26.5,150
1978,8/31/2023,11:59:00,41,Female,53,Clothing,3,50,15.5,150
1912,5/27/2022,7:40:00,146,Male,51,Beauty,3,50,22,150
1910,10/9/2022,6:22:00,141,Female,20,Beauty,3,50,18,150
1844,10/25/2022,20:30:00,70,Male,35,Clothing,3,50,50.5,150
1830,3/4/2023,18:04:00,87,Female,64,Clothing,3,50,21,150
1822,9/9/2023,17:15:00,15,Female,52,Beauty,3,50,21,150
1813,11/22/2022,22:24:00,86,Male,52,Electronics,3,50,61.5,150
1777,11/15/2023,12:06:00,74,Male,48,Electronics,3,50,19.5,150
1748,3/2/2023,10:24:00,119,Male,25,Clothing,3,50,15.5,150
1728,5/23/2023,22:30:00,77,Male,51,Electronics,3,50,25,150
1724,9/15/2023,20:53:00,4,Male,61,Clothing,3,50,17,150
1695,9/21/2023,20:51:00,85,Female,22,Electronics,3,50,23,150
1671,2/28/2023,20:55:00,47,Male,62,Electronics,3,50,62.5,150
1668,3/13/2023,21:40:00,132,Female,62,Electronics,3,50,14,150
1666,12/8/2022,10:10:00,125,Male,51,Electronics,3,50,21,150
1651,12/4/2022,21:29:00,155,Male,51,Clothing,3,50,23.5,150
1623,3/5/2023,6:14:00,76,Male,34,Clothing,3,50,22,150
1576,12/14/2022,18:34:00,108,Female,33,Beauty,3,50,27.5,150
1554,11/27/2023,19:55:00,83,Female,46,Beauty,3,50,15.5,150
1538,9/12/2022,20:57:00,21,Male,18,Clothing,3,50,53.5,150
1529,9/17/2022,22:38:00,105,Female,35,Clothing,3,50,17,150
1504,1/25/2023,17:01:00,4,Female,38,Beauty,3,50,25.5,150
1502,4/8/2023,8:30:00,152,Male,43,Electronics,3,50,18,150
1490,10/26/2022,7:15:00,155,Male,34,Clothing,3,50,17,150
1471,6/25/2023,10:34:00,30,Male,32,Clothing,3,50,13,150
1467,8/13/2023,19:31:00,89,Female,53,Electronics,3,50,14,150
1465,4/17/2023,9:36:00,131,Female,43,Electronics,3,50,26,150
1426,12/12/2023,11:32:00,114,Male,23,Electronics,3,50,25,150
1336,9/23/2022,13:27:00,74,Female,52,Beauty,3,50,21.5,150
1327,12/23/2023,21:16:00,118,Male,57,Electronics,3,50,58,150
1324,9/25/2023,20:29:00,56,Female,52,Electronics,3,50,55,150
1231,1/29/2022,7:05:00,12,Female,23,Clothing,3,50,23,150
1200,10/18/2023,19:04:00,20,Male,27,Beauty,3,50,54.5,150
1167,9/29/2023,21:21:00,9,Female,43,Clothing,3,50,54,150
1163,5/4/2022,10:52:00,120,Female,64,Clothing,3,50,27,150
1119,11/19/2023,9:36:00,1,Female,60,Clothing,3,50,25.5,150
1085,8/12/2022,9:29:00,76,Male,31,Clothing,3,50,17,150
1060,11/12/2022,18:29:00,71,Male,30,Beauty,3,50,57,150
1034,11/13/2022,14:48:00,52,Female,51,Clothing,3,50,24.5,150
1001,9/1/2023,20:11:00,99,Male,34,Beauty,3,50,22,150
999,12/14/2022,16:45:00,110,Female,36,Electronics,3,50,21.5,150
993,9/7/2022,9:21:00,134,Female,48,Electronics,3,50,17,150
978,7/27/2023,9:58:00,16,Female,53,Clothing,3,50,19,150
912,10/31/2022,6:18:00,122,Male,51,Beauty,3,50,20.5,150
910,8/21/2022,6:29:00,138,Female,20,Beauty,3,50,22.5,150
844,10/9/2023,17:54:00,95,Male,35,Clothing,3,50,62,150
830,9/29/2022,20:19:00,77,Female,64,Clothing,3,50,18.5,150
822,2/16/2023,17:39:00,3,Female,52,Beauty,3,50,13.5,150
813,10/15/2022,19:51:00,125,Male,52,Electronics,3,50,62,150
777,9/10/2022,15:07:00,54,Male,48,Electronics,3,50,17,150
748,3/1/2023,9:35:00,132,Male,25,Clothing,3,50,24,150
728,6/2/2022,19:35:00,78,Male,51,Electronics,3,50,18,150
724,6/14/2023,6:56:00,3,Male,61,Clothing,3,50,20,150
695,4/3/2022,22:12:00,52,Female,22,Electronics,3,50,21,150
671,9/23/2023,19:51:00,2,Male,62,Electronics,3,50,61.5,150
668,6/17/2022,20:33:00,135,Female,62,Electronics,3,50,24.5,150
666,3/3/2022,10:59:00,49,Male,51,Electronics,3,50,16,150
651,9/28/2023,21:02:00,30,Male,51,Clothing,3,50,26,150
623,11/15/2023,10:00:00,39,Male,34,Clothing,3,50,26,150
576,12/25/2023,17:30:00,113,Female,33,Beauty,3,50,20,150
554,12/6/2022,21:04:00,94,Female,46,Beauty,3,50,13,150
538,12/22/2023,18:20:00,102,Male,18,Clothing,3,50,56.5,150
529,11/29/2022,17:43:00,46,Female,35,Clothing,3,50,20.5,150
504,3/31/2023,18:07:00,4,Female,38,Beauty,3,50,22,150
502,7/22/2023,11:00:00,31,Male,43,Electronics,3,50,22.5,150
490,1/27/2022,6:07:00,43,Male,34,Clothing,3,50,18.5,150
471,3/8/2023,10:21:00,136,Male,32,Clothing,3,50,13,150
467,1/24/2022,22:39:00,151,Female,53,Electronics,3,50,14.5,150
465,2/22/2023,11:52:00,40,Female,43,Electronics,3,50,15.5,150
426,12/13/2023,8:11:00,137,Male,23,Electronics,3,50,12.5,150
336,11/4/2023,13:05:00,67,Female,52,Beauty,3,50,25,150
327,9/13/2023,18:30:00,107,Male,57,Electronics,3,50,56,150
324,11/15/2022,17:52:00,54,Female,52,Electronics,3,50,49,150
231,7/9/2022,7:02:00,50,Female,23,Clothing,3,50,26.5,150
200,10/9/2022,22:29:00,130,Male,27,Beauty,3,50,60,150
167,9/21/2023,20:58:00,73,Female,43,Clothing,3,50,49,150
163,10/31/2022,9:38:00,144,Female,64,Clothing,3,50,23,150
119,9/1/2023,9:11:00,127,Female,60,Clothing,3,50,27.5,150
85,9/3/2022,8:05:00,68,Male,31,Clothing,3,50,19,150
60,12/4/2022,18:15:00,91,Male,30,Beauty,3,50,60.5,150
34,9/24/2023,13:26:00,87,Female,51,Clothing,3,50,17,150
1,12/16/2022,19:10:00,50,Male,34,Beauty,3,50,16,150
2000,3/31/2023,6:38:00,4,Male,47,Electronics,4,30,10.8,120
1957,10/25/2022,19:00:00,75,Female,60,Electronics,4,30,14.7,120
1931,12/1/2022,19:15:00,61,Male,30,Beauty,4,30,34.2,120
1895,3/27/2023,20:59:00,4,Female,55,Clothing,4,30,15.3,120
1885,11/9/2022,7:32:00,148,Female,52,Clothing,4,30,10.8,120
1876,11/5/2023,19:53:00,68,Male,43,Clothing,4,30,32.1,120
1870,11/9/2023,20:38:00,119,Female,46,Electronics,4,30,10.5,120
1856,12/20/2023,21:34:00,114,Male,54,Electronics,4,30,16.2,120
1824,1/24/2023,20:19:00,4,Male,63,Clothing,4,30,12.6,120
1796,11/12/2023,18:36:00,69,Male,43,Beauty,4,30,11.1,120
1769,10/8/2023,22:50:00,116,Female,31,Electronics,4,30,9.3,120
1699,7/29/2023,21:45:00,23,Female,37,Clothing,4,30,12.9,120
1645,10/12/2023,17:27:00,109,Female,35,Electronics,4,30,9,120
1640,6/10/2023,19:44:00,5,Female,51,Electronics,4,30,14.1,120
1633,12/31/2022,18:18:00,152,Male,39,Beauty,4,30,11.4,120
1598,1/15/2023,19:17:00,126,Male,37,Beauty,4,30,9.9,120
1578,11/20/2023,18:43:00,66,Female,54,Clothing,4,30,12,120
1536,5/11/2022,7:23:00,14,Female,55,Beauty,4,30,13.5,120
1532,3/23/2022,22:48:00,51,Female,64,Clothing,4,30,15.6,120
1530,12/10/2022,8:17:00,93,Female,18,Electronics,4,30,12.3,120
1521,7/23/2023,19:08:00,30,Female,47,Clothing,4,30,12.9,120
1519,1/8/2022,7:35:00,139,Female,36,Electronics,4,30,9.3,120
1497,11/19/2022,21:44:00,109,Male,41,Clothing,4,30,32.4,120
1477,1/8/2023,21:59:00,3,Male,43,Clothing,4,30,15.6,120
1436,1/20/2023,11:29:00,1,Female,57,Clothing,4,30,9.9,120
1425,12/2/2023,22:15:00,1,Female,55,Electronics,4,30,10.2,120
1335,5/27/2022,8:45:00,117,Female,47,Beauty,4,30,8.7,120
1314,5/23/2023,10:26:00,2,Male,52,Clothing,4,30,16.2,120
1312,12/3/2022,17:28:00,73,Male,41,Clothing,4,30,29.1,120
1301,9/24/2023,9:58:00,70,Male,30,Clothing,4,30,10.5,120
1288,4/5/2022,11:56:00,26,Male,28,Clothing,4,30,9,120
1271,1/19/2022,19:31:00,27,Female,62,Beauty,4,30,9,120
1262,8/13/2022,20:33:00,127,Female,32,Beauty,4,30,8.4,120
1222,9/17/2023,18:15:00,3,Male,51,Clothing,4,30,11.1,120
1182,1/3/2023,21:26:00,14,Male,62,Beauty,4,30,12.9,120
1173,12/4/2022,21:03:00,70,Male,64,Electronics,4,30,15,120
1150,8/22/2022,10:04:00,77,Female,,Electronics,4,30,10.2,120
1122,9/7/2022,19:53:00,138,Male,64,Electronics,4,30,31.8,120
1092,5/3/2022,20:15:00,58,Female,51,Electronics,4,30,31.5,120
1055,10/23/2022,21:35:00,97,Male,31,Beauty,4,30,37.5,120
1039,12/3/2023,20:01:00,1,Male,23,Clothing,4,30,13.8,120
1023,5/23/2023,8:40:00,5,Female,35,Clothing,4,30,8.1,120
1014,2/4/2022,10:26:00,147,Male,64,Clothing,4,30,11.4,120
1000,4/1/2023,10:22:00,1,Male,47,Electronics,4,30,8.4,120
957,6/19/2023,19:00:00,105,Female,60,Electronics,4,30,9.3,120
931,10/7/2023,21:34:00,48,Male,30,Beauty,4,30,29.1,120
895,8/31/2023,21:51:00,3,Female,55,Clothing,4,30,14.4,120
885,9/17/2022,10:10:00,121,Female,52,Clothing,4,30,14.4,120
876,10/3/2023,19:39:00,104,Male,43,Clothing,4,30,30,120
870,4/11/2022,19:41:00,16,Female,46,Electronics,4,30,11.1,120
856,11/5/2022,17:43:00,102,Male,54,Electronics,4,30,9.3,120
824,2/25/2023,19:10:00,3,Male,63,Clothing,4,30,9.3,120
796,10/1/2022,19:50:00,38,Male,43,Beauty,4,30,7.8,120
769,9/9/2022,18:57:00,18,Female,31,Electronics,4,30,10.2,120
699,11/21/2022,22:21:00,129,Female,37,Clothing,4,30,16.2,120
645,12/14/2022,22:11:00,51,Female,35,Electronics,4,30,11.1,120
640,12/25/2023,20:05:00,3,Female,51,Electronics,4,30,12.6,120
633,7/6/2023,22:20:00,35,Male,39,Beauty,4,30,12.3,120
598,6/23/2022,17:02:00,7,Male,37,Beauty,4,30,11.1,120
578,12/5/2023,22:42:00,68,Female,54,Clothing,4,30,9.3,120
536,8/20/2022,6:25:00,17,Female,55,Beauty,4,30,8.7,120
532,8/15/2022,18:04:00,92,Female,64,Clothing,4,30,12.9,120
530,5/1/2022,7:52:00,8,Female,18,Electronics,4,30,9,120
521,10/28/2023,19:56:00,133,Female,47,Clothing,4,30,8.7,120
519,4/8/2022,10:17:00,52,Female,36,Electronics,4,30,16.5,120
497,12/31/2023,18:11:00,127,Male,41,Clothing,4,30,37.2,120
477,12/3/2023,17:24:00,3,Male,43,Clothing,4,30,16.2,120
436,10/22/2023,11:54:00,21,Female,57,Clothing,4,30,13.5,120
425,6/11/2023,18:28:00,2,Female,55,Electronics,4,30,15.6,120
335,2/2/2022,9:23:00,2,Female,47,Beauty,4,30,10.8,120
314,10/15/2023,7:37:00,1,Male,52,Clothing,4,30,7.8,120
312,10/31/2022,18:08:00,18,Male,41,Clothing,4,30,28.5,120
301,7/30/2023,10:58:00,104,Male,30,Clothing,4,30,9.6,120
288,5/2/2022,9:59:00,27,Male,28,Clothing,4,30,12,120
271,9/12/2023,18:23:00,44,Female,62,Beauty,4,30,9.3,120
262,9/15/2023,20:33:00,30,Female,32,Beauty,4,30,12.6,120
222,1/7/2023,18:56:00,4,Male,51,Clothing,4,30,10.5,120
182,6/21/2023,19:27:00,27,Male,62,Beauty,4,30,10.2,120
173,12/19/2023,17:30:00,85,Male,64,Electronics,4,30,14.1,120
150,4/13/2022,8:25:00,89,Female,,Electronics,4,30,16.2,120
122,12/1/2023,19:02:00,1,Male,64,Electronics,4,30,35.4,120
92,3/21/2022,19:41:00,10,Female,51,Electronics,4,30,8.7,120
55,9/28/2023,20:32:00,57,Male,31,Beauty,4,30,31.8,120
39,7/11/2023,22:44:00,5,Male,23,Clothing,4,30,8.7,120
23,9/28/2023,7:05:00,4,Female,35,Clothing,4,30,14.7,120
14,5/18/2022,7:11:00,8,Male,64,Clothing,4,30,13.2,120
,,,,,,,,,,#REF!
1998,10/20/2023,19:53:00,90,Female,23,Beauty,4,25,24,100
1991,12/4/2022,13:11:00,96,Female,34,Clothing,2,50,14.5,100
1972,12/21/2022,6:39:00,5,Male,49,Beauty,4,25,9.25,100
1951,12/3/2022,18:56:00,54,Male,33,Beauty,2,50,59.5,100
1932,11/8/2022,7:07:00,96,Female,45,Beauty,4,25,6.25,100
1924,11/28/2022,22:25:00,107,Male,55,Beauty,2,50,54.5,100
1897,10/27/2023,17:12:00,137,Female,64,Electronics,2,50,62,100
1888,6/14/2022,8:10:00,49,Female,52,Electronics,4,25,12.5,100
1887,12/11/2023,19:34:00,113,Male,59,Clothing,4,25,10,100
1873,11/24/2022,19:18:00,64,Female,27,Electronics,4,25,26.75,100
1858,9/14/2023,20:47:00,49,Male,23,Electronics,2,50,52,100
1841,11/14/2023,18:55:00,94,Male,31,Electronics,4,25,28.25,100
1831,3/26/2022,10:54:00,80,Male,27,Electronics,4,25,6.5,100
1823,11/8/2022,22:28:00,58,Female,56,Electronics,2,50,26.5,100
1819,11/5/2022,20:44:00,83,Female,35,Beauty,2,50,13.5,100
1810,9/22/2023,18:29:00,106,Male,59,Electronics,4,25,13.5,100
1809,10/16/2023,18:09:00,51,Female,62,Beauty,2,50,61.5,100
1803,12/26/2023,19:36:00,101,Male,39,Clothing,4,25,8.5,100
1799,10/1/2023,19:09:00,132,Male,56,Electronics,2,50,51,100
1786,9/27/2022,21:26:00,69,Male,48,Clothing,4,25,28.75,100
1778,12/30/2023,19:57:00,94,Female,47,Beauty,4,25,11.25,100
1775,12/18/2022,8:04:00,78,Female,46,Electronics,4,25,13.75,100
1759,11/3/2022,17:27:00,102,Male,49,Electronics,2,50,23,100
1758,7/22/2023,18:19:00,3,Male,64,Clothing,4,25,7.5,100
1754,12/1/2022,21:03:00,107,Female,43,Electronics,4,25,28.5,100
1752,10/21/2023,13:01:00,79,Male,29,Clothing,2,50,14.5,100
1745,9/28/2023,10:38:00,4,Male,54,Beauty,2,50,21,100
1738,11/12/2023,21:33:00,1,Male,41,Clothing,2,50,16,100
1736,8/28/2022,8:57:00,87,Male,29,Clothing,4,25,10.25,100
1715,12/30/2022,19:35:00,89,Female,42,Beauty,4,25,9.75,100
1706,10/16/2022,18:04:00,57,Male,51,Electronics,4,25,11.75,100
1703,6/10/2023,8:36:00,2,Male,34,Electronics,2,50,17,100
1692,10/11/2023,19:50:00,103,Female,64,Clothing,2,50,59.5,100
1689,12/19/2023,20:54:00,114,Male,57,Electronics,2,50,47.5,100
1688,12/17/2022,17:25:00,150,Male,56,Clothing,4,25,26.5,100
1672,3/28/2023,22:34:00,87,Female,34,Beauty,2,50,15.5,100
1661,7/7/2023,19:18:00,20,Female,44,Clothing,4,25,6.25,100
1652,11/16/2023,20:00:00,2,Female,34,Beauty,2,50,20.5,100
1642,12/27/2023,18:30:00,4,Female,54,Clothing,4,25,11.5,100
1632,10/19/2022,18:16:00,29,Female,26,Electronics,4,25,24.75,100
1630,5/22/2022,17:22:00,95,Male,42,Clothing,2,50,16,100
1619,10/20/2022,18:07:00,61,Male,47,Electronics,4,25,24.25,100
1616,9/22/2022,18:41:00,121,Male,41,Clothing,2,50,59,100
1615,11/17/2022,13:43:00,82,Female,61,Clothing,4,25,13.5,100
1609,10/5/2023,13:58:00,81,Female,47,Clothing,2,50,22.5,100
1599,10/24/2022,17:23:00,110,Female,28,Beauty,2,50,20.5,100
1591,9/29/2022,11:00:00,62,Male,53,Electronics,4,25,7,100
1583,11/12/2023,22:54:00,102,Female,24,Electronics,4,25,13,100
1575,7/28/2023,11:54:00,26,Male,60,Clothing,2,50,22.5,100
1564,10/4/2022,22:55:00,115,Male,50,Electronics,2,50,49.5,100
1549,11/15/2023,19:25:00,109,Female,50,Beauty,2,50,14.5,100
1526,9/25/2022,15:06:00,84,Male,33,Clothing,2,50,26.5,100
1520,11/21/2022,15:28:00,88,Female,49,Electronics,4,25,10.5,100
1517,2/21/2023,8:46:00,2,Female,47,Clothing,4,25,6.75,100
1516,11/9/2022,17:19:00,54,Male,30,Beauty,4,25,24.5,100
1513,10/1/2022,21:47:00,19,Male,24,Electronics,4,25,31,100
1511,4/9/2022,21:36:00,45,Male,45,Beauty,2,50,13.5,100
1500,4/20/2022,8:36:00,53,Female,60,Beauty,4,25,8.5,100
1498,8/29/2022,17:08:00,51,Female,50,Clothing,4,25,12.5,100
1492,8/26/2023,22:09:00,146,Male,61,Beauty,4,25,10,100
1466,1/16/2023,22:27:00,64,Male,63,Electronics,4,25,10.75,100
1458,10/9/2023,19:21:00,95,Female,39,Electronics,4,25,9.75,100
1455,8/27/2022,21:35:00,32,Male,31,Electronics,4,25,13.75,100
1442,2/16/2023,11:02:00,96,Female,60,Clothing,4,25,11.25,100
1414,11/22/2023,21:28:00,4,Male,48,Beauty,4,25,11.25,100
1410,10/16/2022,18:47:00,72,Female,29,Clothing,2,50,22.5,100
1406,6/22/2023,8:45:00,2,Female,22,Beauty,4,25,10,100
1390,10/24/2022,22:47:00,117,Male,39,Electronics,2,50,54,100
1381,10/26/2022,17:26:00,48,Female,44,Clothing,4,25,7.75,100
1366,1/1/2022,11:34:00,25,Male,57,Clothing,2,50,23.5,100
1360,6/18/2022,9:31:00,93,Male,42,Clothing,4,25,6.25,100
1338,1/25/2022,19:55:00,31,Male,54,Beauty,2,50,19,100
1329,1/27/2022,10:39:00,119,Female,46,Electronics,4,25,9.25,100
1328,12/10/2023,7:49:00,60,Male,39,Beauty,2,50,24.5,100
1311,11/24/2023,15:22:00,84,Female,32,Beauty,4,25,9.25,100
1287,9/13/2022,8:03:00,120,Male,54,Clothing,4,25,7,100
1278,7/19/2023,6:19:00,28,Female,37,Clothing,4,25,6.75,100
1277,10/17/2023,21:20:00,80,Male,36,Clothing,4,25,12.75,100
1276,10/11/2022,18:54:00,140,Female,21,Beauty,4,25,27,100
1272,4/14/2022,11:59:00,66,Female,61,Electronics,2,50,17,100
1244,12/11/2022,16:47:00,100,Male,28,Beauty,2,50,19.5,100
1227,10/1/2023,20:09:00,103,Male,36,Electronics,2,50,47.5,100
1216,3/1/2023,22:53:00,23,Male,62,Electronics,2,50,13,100
1192,3/29/2022,8:41:00,37,Male,62,Beauty,2,50,20.5,100
1187,7/7/2023,17:05:00,52,Female,64,Clothing,2,50,12.5,100
1177,2/20/2023,9:19:00,89,Male,45,Beauty,2,50,15,100
1176,1/4/2023,20:33:00,34,Female,43,Beauty,2,50,21,100
1175,6/2/2023,6:38:00,103,Female,31,Electronics,4,25,11.5,100
1160,8/20/2023,19:20:00,105,Female,43,Clothing,2,50,14,100
1156,12/26/2022,21:10:00,68,Female,43,Clothing,4,25,13.5,100
1125,11/12/2023,17:51:00,79,Male,48,Clothing,2,50,21.5,100
1114,8/18/2022,22:19:00,100,Female,22,Beauty,4,25,12,100
1098,7/6/2023,22:34:00,3,Female,55,Beauty,2,50,19.5,100
1087,11/8/2022,23:00:00,81,Female,28,Beauty,2,50,15,100
1083,9/30/2022,15:46:00,99,Male,54,Electronics,2,50,17.5,100
1077,12/16/2022,18:45:00,141,Female,47,Clothing,2,50,15,100
1076,7/14/2023,11:09:00,99,Female,22,Electronics,2,50,15,100
1071,9/21/2023,17:38:00,155,Female,51,Beauty,4,25,6.75,100
1064,4/14/2022,10:38:00,49,Male,49,Clothing,4,25,13.75,100
1062,12/20/2022,16:05:00,69,Male,18,Beauty,2,50,21.5,100
1053,2/10/2023,21:13:00,40,Male,34,Electronics,2,50,20.5,100
1033,4/12/2023,6:52:00,32,Female,50,Electronics,2,50,19,100
1022,9/5/2023,17:49:00,69,Male,18,Clothing,2,50,52.5,100
1017,9/5/2023,18:41:00,2,Female,27,Clothing,4,25,12,100
1011,4/1/2022,6:48:00,15,Male,23,Clothing,2,50,19,100
1008,1/10/2022,8:51:00,116,Male,30,Electronics,4,25,13,100
1005,8/12/2023,20:38:00,2,Male,30,Beauty,2,50,17.5,100
998,10/21/2023,17:32:00,61,Female,23,Beauty,4,25,30.5,100
991,9/14/2023,14:28:00,110,Female,34,Clothing,2,50,19.5,100
972,8/16/2022,11:42:00,139,Male,49,Beauty,4,25,6.75,100
951,9/18/2022,21:35:00,58,Male,33,Beauty,2,50,57.5,100
932,10/8/2022,8:33:00,120,Female,45,Beauty,4,25,7.75,100
924,9/17/2022,22:18:00,151,Male,55,Beauty,2,50,55,100
897,9/12/2023,17:53:00,15,Female,64,Electronics,2,50,51.5,100
888,12/1/2022,6:03:00,63,Female,52,Electronics,4,25,12.75,100
887,2/24/2022,19:20:00,44,Male,59,Clothing,4,25,10,100
873,12/6/2023,20:20:00,137,Female,27,Electronics,4,25,29,100
858,9/8/2023,18:48:00,85,Male,23,Electronics,2,50,50.5,100
841,12/18/2022,20:58:00,108,Male,31,Electronics,4,25,28.5,100
831,11/30/2022,11:49:00,149,Male,27,Electronics,4,25,13.75,100
823,12/3/2023,17:42:00,66,Female,56,Electronics,2,50,25,100
819,8/15/2023,21:59:00,111,Female,35,Beauty,2,50,26,100
810,12/1/2022,18:04:00,76,Male,59,Electronics,4,25,13.75,100
809,12/14/2022,22:51:00,124,Female,62,Beauty,2,50,50,100
803,10/25/2022,17:16:00,60,Male,39,Clothing,4,25,6.75,100
799,10/1/2023,19:44:00,86,Male,56,Electronics,2,50,60,100
786,12/16/2022,20:38:00,78,Male,48,Clothing,4,25,28.5,100
778,12/13/2023,18:28:00,105,Female,47,Beauty,4,25,13.75,100
775,5/6/2022,11:07:00,98,Female,46,Electronics,4,25,9.5,100
759,5/23/2023,21:21:00,75,Male,49,Electronics,2,50,21.5,100
758,4/23/2023,18:30:00,1,Male,64,Clothing,4,25,6.75,100
754,9/26/2023,18:40:00,90,Female,43,Electronics,4,25,23.75,100
752,9/20/2023,16:06:00,79,Male,29,Clothing,2,50,13,100
745,8/14/2023,7:30:00,3,Male,54,Beauty,2,50,17,100
738,2/5/2023,18:24:00,5,Male,41,Clothing,2,50,26,100
736,12/18/2022,8:30:00,97,Male,29,Clothing,4,25,9.75,100
715,10/11/2022,20:57:00,55,Female,42,Beauty,4,25,6.25,100
706,9/4/2022,22:19:00,66,Male,51,Electronics,4,25,8,100
703,7/31/2023,9:56:00,140,Male,34,Electronics,2,50,18.5,100
692,9/30/2022,19:48:00,110,Female,64,Clothing,2,50,49.5,100
689,10/16/2022,20:17:00,55,Male,57,Electronics,2,50,52.5,100
688,10/28/2023,21:45:00,132,Male,56,Clothing,4,25,24.75,100
672,2/17/2022,19:44:00,1,Female,34,Beauty,2,50,27.5,100
661,8/5/2022,22:09:00,10,Female,44,Clothing,4,25,7,100
652,10/31/2023,17:05:00,4,Female,34,Beauty,2,50,20.5,100
642,5/4/2023,21:40:00,1,Female,54,Clothing,4,25,12,100
632,10/25/2023,20:13:00,78,Female,26,Electronics,4,25,24.75,100
630,3/21/2023,17:29:00,94,Male,42,Clothing,2,50,25.5,100
619,10/9/2023,18:10:00,56,Male,47,Electronics,4,25,26.25,100
616,12/31/2022,19:18:00,122,Male,41,Clothing,2,50,49.5,100
615,10/31/2022,15:06:00,58,Female,61,Clothing,4,25,10.5,100
609,11/19/2023,13:02:00,59,Female,47,Clothing,2,50,13,100
599,12/10/2023,19:07:00,82,Female,28,Beauty,2,50,24.5,100
591,3/21/2022,8:38:00,94,Male,53,Electronics,4,25,6.5,100
583,1/28/2022,19:44:00,131,Female,24,Electronics,4,25,7.75,100
575,12/12/2023,10:29:00,14,Male,60,Clothing,2,50,23,100
564,9/12/2023,20:14:00,114,Male,50,Electronics,2,50,55.5,100
549,11/3/2022,19:39:00,114,Female,50,Beauty,2,50,12.5,100
526,11/19/2022,12:47:00,65,Male,33,Clothing,2,50,19.5,100
520,10/16/2022,12:42:00,79,Female,49,Electronics,4,25,13,100
517,8/20/2023,8:54:00,3,Female,47,Clothing,4,25,9.25,100
516,9/20/2023,18:38:00,85,Male,30,Beauty,4,25,24.25,100
513,10/21/2022,18:31:00,85,Male,24,Electronics,4,25,24.5,100
511,12/23/2023,18:19:00,146,Male,45,Beauty,2,50,24.5,100
500,10/14/2022,6:11:00,120,Female,60,Beauty,4,25,11.5,100
498,3/22/2022,22:20:00,41,Female,50,Clothing,4,25,8.25,100
492,12/16/2023,17:52:00,4,Male,61,Beauty,4,25,6.5,100
466,1/11/2023,21:52:00,66,Male,63,Electronics,4,25,13.75,100
458,11/28/2023,21:35:00,110,Female,39,Electronics,4,25,7,100
455,11/21/2023,19:15:00,134,Male,31,Electronics,4,25,13.25,100
442,6/30/2023,11:07:00,24,Female,60,Clothing,4,25,13.25,100
414,5/10/2023,19:40:00,1,Male,48,Beauty,4,25,9.75,100
410,10/31/2023,19:41:00,64,Female,29,Clothing,2,50,14.5,100
406,4/1/2023,11:50:00,3,Female,22,Beauty,4,25,11,100
390,10/7/2022,20:53:00,88,Male,39,Electronics,2,50,51,100
381,1/30/2022,19:05:00,63,Female,44,Clothing,4,25,12.25,100
366,10/29/2022,9:32:00,116,Male,57,Clothing,2,50,17.5,100
360,9/9/2022,9:04:00,26,Male,42,Clothing,4,25,10.5,100
338,2/5/2022,21:26:00,44,Male,54,Beauty,2,50,20,100
329,10/27/2022,7:42:00,52,Female,46,Electronics,4,25,8,100
328,10/29/2023,6:56:00,9,Male,39,Beauty,2,50,27,100
311,11/20/2023,21:01:00,61,Female,32,Beauty,4,25,9.75,100
287,8/26/2022,11:07:00,88,Male,54,Clothing,4,25,10,100
278,12/22/2023,11:42:00,71,Female,37,Clothing,4,25,13.5,100
277,7/3/2023,22:10:00,139,Male,36,Clothing,4,25,12.25,100
276,10/18/2023,21:27:00,40,Female,21,Beauty,4,25,27.5,100
272,6/10/2022,11:57:00,112,Female,61,Electronics,2,50,27.5,100
244,9/14/2023,13:57:00,101,Male,28,Beauty,2,50,20.5,100
227,11/15/2023,19:19:00,87,Male,36,Electronics,2,50,50.5,100
225,3/5/2022,7:37:00,85,Female,57,Beauty,4,25,12.75,100
216,11/4/2022,17:28:00,141,Male,62,Electronics,2,50,26.5,100
192,11/8/2022,8:05:00,134,Male,62,Beauty,2,50,13,100
187,2/20/2022,20:19:00,88,Female,64,Clothing,2,50,21,100
177,3/24/2023,8:40:00,30,Male,45,Beauty,2,50,26.5,100
176,5/26/2023,18:15:00,53,Female,43,Beauty,2,50,25.5,100
175,1/25/2023,10:02:00,23,Female,31,Electronics,4,25,12.5,100
160,7/20/2022,17:08:00,127,Female,43,Clothing,2,50,26.5,100
156,12/2/2022,19:34:00,60,Female,43,Clothing,4,25,7,100
125,9/28/2022,18:48:00,137,Male,48,Clothing,2,50,19,100
114,4/17/2022,20:57:00,92,Female,22,Beauty,4,25,9.25,100
98,4/9/2023,19:41:00,1,Female,55,Beauty,2,50,19.5,100
87,9/7/2022,18:09:00,104,Female,28,Beauty,2,50,15.5,100
83,11/27/2022,15:57:00,56,Male,54,Electronics,2,50,16.5,100
77,4/7/2022,20:45:00,44,Female,47,Clothing,2,50,24,100
76,9/9/2023,7:33:00,70,Female,22,Electronics,2,50,14.5,100
71,2/16/2023,19:11:00,32,Female,51,Beauty,4,25,11.5,100
64,11/15/2022,6:34:00,7,Male,49,Clothing,4,25,8.5,100
62,9/16/2023,12:54:00,50,Male,18,Beauty,2,50,26.5,100
53,1/6/2022,17:57:00,32,Male,34,Electronics,2,50,22,100
33,12/24/2023,7:40:00,33,Female,50,Electronics,2,50,21,100
22,11/25/2023,17:11:00,66,Male,18,Clothing,2,50,60.5,100
17,2/25/2023,21:08:00,3,Female,27,Clothing,4,25,13,100
11,2/27/2022,10:30:00,151,Male,23,Clothing,2,50,23.5,100
8,12/27/2022,11:19:00,148,Male,30,Electronics,4,25,11,100
5,9/5/2023,22:10:00,3,Male,30,Beauty,2,50,24,100
1997,10/29/2023,21:09:00,99,Male,52,Beauty,3,30,10.2,90
1982,9/9/2023,12:46:00,110,Female,46,Beauty,3,30,16.5,90
1953,5/15/2023,17:34:00,3,Male,45,Beauty,3,30,10.2,90
1918,12/10/2022,21:57:00,56,Female,42,Electronics,3,30,13.2,90
1915,7/10/2023,22:50:00,53,Female,26,Beauty,3,30,9.3,90
1913,6/23/2022,7:10:00,101,Male,29,Electronics,3,30,14.1,90
1898,11/13/2023,18:17:00,81,Female,42,Clothing,3,30,35.1,90
1861,7/4/2022,10:41:00,145,Female,41,Clothing,3,30,10.2,90
1837,3/29/2023,20:45:00,32,Male,18,Beauty,3,30,8.1,90
1829,5/30/2022,22:37:00,58,Male,61,Beauty,3,30,12,90
1776,10/23/2022,20:07:00,111,Male,35,Clothing,3,30,32.1,90
1746,6/13/2022,7:59:00,88,Female,33,Clothing,3,30,10.8,90
1704,9/16/2022,20:07:00,155,Female,62,Clothing,3,30,30.3,90
1691,1/7/2023,20:01:00,1,Female,51,Clothing,3,30,13.5,90
1679,9/23/2022,8:08:00,71,Female,18,Beauty,3,30,15.3,90
1656,9/16/2023,20:03:00,141,Male,29,Beauty,3,30,35.4,90
1646,1/18/2023,19:43:00,1,Male,38,Clothing,3,30,15.6,90
1643,10/17/2023,21:47:00,12,Female,28,Electronics,3,30,33.3,90
1631,11/1/2022,19:11:00,75,Male,56,Electronics,3,30,12.3,90
1613,12/14/2023,21:58:00,4,Female,52,Clothing,3,30,9.9,90
1603,12/4/2023,20:50:00,132,Female,40,Clothing,3,30,13.2,90
1557,8/4/2022,17:01:00,14,Female,20,Beauty,3,30,10.2,90
1535,12/18/2023,15:31:00,52,Male,47,Beauty,3,30,9.9,90
1444,4/29/2022,6:18:00,135,Female,61,Clothing,3,30,14.1,90
1422,5/7/2022,20:41:00,35,Female,28,Clothing,3,30,13.5,90
1419,2/5/2023,18:42:00,3,Female,44,Clothing,3,30,9.3,90
1383,9/6/2023,9:13:00,68,Female,46,Beauty,3,30,14.1,90
1351,10/2/2022,20:58:00,88,Female,56,Clothing,3,30,28.5,90
1331,5/15/2022,9:29:00,36,Male,28,Electronics,3,30,13.8,90
1317,8/25/2022,8:02:00,144,Male,22,Electronics,3,30,12,90
1303,3/19/2022,8:59:00,58,Male,19,Electronics,3,30,15,90
1294,1/24/2023,11:24:00,8,Female,23,Clothing,3,30,10.5,90
1293,7/1/2023,18:52:00,3,Male,50,Electronics,3,30,14.1,90
1267,12/23/2022,21:03:00,91,Female,32,Beauty,3,30,9.6,90
1245,10/25/2022,20:47:00,129,Male,47,Clothing,3,30,36,90
1229,11/2/2023,21:08:00,62,Male,58,Beauty,3,30,34.5,90
1219,11/2/2022,21:47:00,149,Female,53,Electronics,3,30,11.1,90
1218,10/25/2023,22:11:00,30,Male,64,Beauty,3,30,34.2,90
1190,9/29/2023,21:00:00,4,Female,60,Beauty,3,30,10.8,90
1126,9/12/2022,17:12:00,62,Female,28,Clothing,3,30,28.8,90
1086,9/14/2023,19:50:00,84,Male,19,Beauty,3,30,16.5,90
1084,10/23/2022,20:37:00,93,Female,38,Electronics,3,30,7.8,90
1073,2/21/2022,18:16:00,82,Male,29,Electronics,3,30,15.3,90
1032,4/1/2022,8:15:00,1,Male,30,Beauty,3,30,10.5,90
997,10/1/2023,20:36:00,51,Male,52,Beauty,3,30,15,90
982,11/10/2022,14:08:00,50,Female,46,Beauty,3,30,15.6,90
953,7/2/2023,17:58:00,1,Male,45,Beauty,3,30,12.6,90
918,10/13/2023,21:59:00,114,Female,42,Electronics,3,30,16.2,90
915,10/11/2023,19:06:00,95,Female,26,Beauty,3,30,12.9,90
913,10/12/2022,10:52:00,78,Male,29,Electronics,3,30,16.5,90
898,9/17/2023,20:55:00,53,Female,42,Clothing,3,30,35.1,90
861,9/30/2022,8:57:00,22,Female,41,Clothing,3,30,9.6,90
837,1/15/2023,20:35:00,53,Male,18,Beauty,3,30,7.5,90
829,3/24/2022,21:31:00,52,Male,61,Beauty,3,30,9.6,90
776,9/8/2023,18:57:00,109,Male,35,Clothing,3,30,30.9,90
704,9/11/2023,22:40:00,141,Female,62,Clothing,3,30,34.8,90
691,5/12/2023,21:09:00,5,Female,51,Clothing,3,30,14.7,90
656,11/12/2023,20:58:00,27,Male,29,Beauty,3,30,29.4,90
646,5/26/2023,21:02:00,3,Male,38,Clothing,3,30,13.5,90
643,10/5/2022,22:26:00,63,Female,28,Electronics,3,30,28.8,90
631,10/22/2023,22:18:00,92,Male,56,Electronics,3,30,16.5,90
613,5/8/2023,17:23:00,2,Female,52,Clothing,3,30,11.4,90
603,4/18/2022,20:17:00,95,Female,40,Clothing,3,30,14.1,90
557,9/27/2023,20:01:00,155,Female,20,Beauty,3,30,12.9,90
535,11/20/2023,13:46:00,59,Male,47,Beauty,3,30,16.2,90
444,10/6/2022,7:06:00,51,Female,61,Clothing,3,30,15.9,90
422,8/21/2022,22:34:00,67,Female,28,Clothing,3,30,13.2,90
419,3/31/2023,19:18:00,5,Female,44,Clothing,3,30,11.7,90
383,3/24/2023,8:53:00,64,Female,46,Beauty,3,30,7.8,90
351,11/11/2023,22:16:00,38,Female,56,Clothing,3,30,36.6,90
331,8/16/2022,8:33:00,28,Male,28,Electronics,3,30,10.2,90
317,5/4/2022,7:54:00,117,Male,22,Electronics,3,30,12,90
303,4/22/2022,11:09:00,54,Male,19,Electronics,3,30,14.7,90
294,10/9/2023,9:24:00,89,Female,23,Clothing,3,30,15.3,90
293,5/27/2023,19:04:00,4,Male,50,Electronics,3,30,9.6,90
267,11/19/2022,17:53:00,84,Female,32,Beauty,3,30,12,90
245,12/1/2023,21:41:00,75,Male,47,Clothing,3,30,36,90
229,11/9/2023,19:23:00,92,Male,58,Beauty,3,30,36.9,90
219,9/16/2023,22:34:00,79,Female,53,Electronics,3,30,10.2,90
218,11/24/2022,20:39:00,144,Male,64,Beauty,3,30,33.9,90
190,1/25/2023,17:56:00,2,Female,60,Beauty,3,30,10.5,90
126,11/1/2022,18:16:00,63,Female,28,Clothing,3,30,28.8,90
86,9/29/2023,18:55:00,69,Male,19,Beauty,3,30,15.6,90
84,11/10/2023,17:17:00,89,Female,38,Electronics,3,30,10.2,90
73,1/14/2022,21:47:00,42,Male,29,Electronics,3,30,9,90
32,7/16/2022,9:11:00,150,Male,30,Beauty,3,30,8.4,90
1988,11/30/2023,18:47:00,144,Female,63,Clothing,3,25,7.25,75
1980,8/23/2023,20:30:00,112,Female,31,Electronics,3,25,6.5,75
1977,8/5/2022,10:46:00,63,Female,35,Electronics,3,25,12,75
1948,9/17/2023,21:09:00,100,Female,23,Electronics,3,25,24.5,75
1929,9/15/2022,6:50:00,62,Female,23,Beauty,3,25,12.75,75
1921,2/8/2022,7:01:00,77,Male,51,Electronics,3,25,7.5,75
1920,10/24/2022,8:33:00,23,Female,28,Beauty,3,25,9.25,75
1872,11/22/2022,17:02:00,57,Female,63,Beauty,3,25,26.25,75
1848,12/27/2022,10:16:00,63,Female,63,Clothing,3,25,12.5,75
1815,5/24/2023,22:19:00,6,Female,51,Clothing,3,25,30.5,75
1812,10/25/2023,22:19:00,85,Male,19,Electronics,3,25,12,75
1797,4/16/2022,11:47:00,147,Male,40,Clothing,3,25,12.25,75
1768,7/31/2022,9:52:00,85,Female,24,Beauty,3,25,8.75,75
1767,12/10/2022,17:35:00,87,Male,39,Beauty,3,25,28.25,75
1755,5/23/2023,21:47:00,2,Female,58,Clothing,3,25,8,75
1750,1/20/2022,10:10:00,138,Female,35,Clothing,3,25,7.25,75
1718,10/25/2023,19:03:00,20,Female,59,Beauty,3,25,25.5,75
1713,10/3/2022,10:10:00,90,Male,34,Beauty,3,25,10.75,75
1654,10/13/2023,20:47:00,111,Male,42,Clothing,3,25,6.25,75
1653,7/23/2023,19:34:00,2,Male,54,Clothing,3,25,12.75,75
1644,9/11/2022,19:32:00,124,Male,23,Beauty,3,25,28.75,75
1622,4/22/2023,21:28:00,54,Female,49,Beauty,3,25,11.75,75
1620,2/3/2023,22:48:00,5,Male,63,Electronics,3,25,7.75,75
1607,1/16/2023,10:18:00,53,Male,54,Clothing,3,25,7.75,75
1552,9/25/2022,12:11:00,55,Female,49,Electronics,3,25,13,75
1475,10/4/2022,7:03:00,132,Male,26,Clothing,3,25,10.75,75
1469,12/8/2023,17:22:00,3,Male,18,Beauty,3,25,12.5,75
1439,11/18/2023,20:53:00,76,Male,50,Clothing,3,25,7.25,75
1413,11/12/2023,19:33:00,104,Female,44,Beauty,3,25,30.75,75
1374,3/23/2023,22:03:00,3,Female,59,Beauty,3,25,8.25,75
1357,3/20/2023,19:14:00,3,Female,40,Electronics,3,25,11.5,75
1350,11/8/2023,22:02:00,93,Male,25,Beauty,3,25,29.25,75
1326,9/1/2023,22:35:00,66,Female,18,Clothing,3,25,28.75,75
1241,9/10/2023,17:28:00,26,Female,23,Electronics,3,25,24.5,75
1188,6/4/2023,22:43:00,2,Male,40,Clothing,3,25,10.75,75
1149,9/14/2023,19:23:00,98,Male,22,Clothing,3,25,29.75,75
1145,9/1/2023,19:19:00,87,Female,39,Clothing,3,25,31,75
1108,7/8/2023,10:27:00,1,Female,27,Beauty,3,25,10,75
1069,10/13/2023,19:05:00,2,Female,56,Beauty,3,25,6.75,75
1051,9/13/2023,17:47:00,104,Male,27,Beauty,3,25,25,75
1050,12/10/2022,20:15:00,24,Female,27,Beauty,3,25,11.25,75
1037,10/17/2023,17:38:00,2,Female,18,Beauty,3,25,11.5,75
1012,12/8/2022,18:47:00,56,Male,35,Beauty,3,25,27.25,75
988,8/5/2022,18:41:00,85,Female,63,Clothing,3,25,8,75
980,10/14/2022,19:51:00,147,Female,31,Electronics,3,25,12.5,75
977,7/26/2022,8:35:00,46,Female,35,Electronics,3,25,13.75,75
948,12/10/2023,22:06:00,52,Female,23,Electronics,3,25,28.75,75
929,3/11/2022,10:18:00,40,Female,23,Beauty,3,25,10.5,75
921,9/28/2022,9:34:00,101,Male,,Electronics,3,25,8,75
920,8/20/2022,10:25:00,99,Female,28,Beauty,3,25,6.75,75
872,12/10/2023,22:18:00,113,Female,63,Beauty,3,25,24.75,75
848,1/24/2022,10:46:00,15,Female,63,Clothing,3,25,9.75,75
815,4/5/2023,21:15:00,139,Female,51,Clothing,3,25,23.75,75
812,10/2/2023,17:45:00,89,Male,19,Electronics,3,25,11.25,75
797,9/16/2022,6:38:00,116,Male,,Clothing,3,25,10.75,75
768,6/27/2022,6:50:00,58,Female,24,Beauty,3,25,10.5,75
767,11/7/2022,22:44:00,72,Male,39,Beauty,3,25,24.5,75
755,11/27/2023,20:07:00,1,Female,58,Clothing,3,25,6.75,75
750,11/13/2022,7:33:00,69,Female,35,Clothing,3,25,8.75,75
718,11/2/2023,20:25:00,154,Female,59,Beauty,3,25,25,75
713,4/16/2022,11:43:00,39,Male,34,Beauty,3,25,11.25,75
654,8/14/2023,17:40:00,92,Male,42,Clothing,3,25,9.25,75
653,11/25/2023,22:53:00,3,Male,54,Clothing,3,25,9.25,75
644,10/13/2022,21:49:00,107,Male,23,Beauty,3,25,29,75
622,10/16/2022,22:00:00,155,Female,49,Beauty,3,25,6.25,75
620,11/6/2023,20:59:00,4,Male,63,Electronics,3,25,7,75
607,5/5/2023,9:33:00,109,Male,54,Clothing,3,25,13.25,75
552,10/29/2022,13:32:00,85,Female,49,Electronics,3,25,9.75,75
475,8/12/2022,10:39:00,78,Male,26,Clothing,3,25,9,75
469,3/21/2023,19:24:00,4,Male,18,Beauty,3,25,8.75,75
439,5/6/2022,21:46:00,42,Male,50,Clothing,3,25,11.75,75
413,11/28/2023,21:52:00,60,Female,44,Beauty,3,25,25.5,75
374,10/27/2023,17:45:00,4,Female,59,Beauty,3,25,7.75,75
357,5/18/2023,18:57:00,4,Female,40,Electronics,3,25,7.5,75
350,11/20/2022,17:41:00,61,Male,25,Beauty,3,25,28.5,75
326,11/23/2023,19:51:00,108,Female,18,Clothing,3,25,24.25,75
241,12/19/2023,20:21:00,108,Female,23,Electronics,3,25,26.75,75
188,8/31/2023,18:50:00,3,Male,40,Clothing,3,25,8.5,75
149,10/14/2023,17:52:00,73,Male,22,Clothing,3,25,27,75
145,11/6/2022,19:21:00,64,Female,39,Clothing,3,25,27.5,75
108,1/24/2023,9:38:00,5,Female,27,Beauty,3,25,13.5,75
69,11/14/2023,22:44:00,1,Female,56,Beauty,3,25,8.5,75
51,10/12/2022,22:09:00,78,Male,27,Beauty,3,25,24.75,75
50,3/29/2022,18:51:00,71,Female,27,Beauty,3,25,10.5,75
37,5/26/2023,22:42:00,2,Female,18,Beauty,3,25,8.75,75
12,12/9/2022,22:09:00,114,Male,35,Beauty,3,25,25.25,75
1992,5/19/2023,21:35:00,70,Female,57,Electronics,2,30,8.7,60
1981,6/5/2022,22:50:00,19,Female,30,Electronics,2,30,11.7,60
1962,9/7/2022,18:59:00,65,Male,44,Clothing,2,30,32.7,60
1960,6/29/2022,22:04:00,67,Male,59,Clothing,2,30,13.2,60
1959,10/8/2022,19:56:00,95,Female,42,Electronics,2,30,34.2,60
1900,1/21/2022,6:43:00,65,Male,21,Clothing,2,30,10.8,60
1884,7/9/2023,21:45:00,2,Female,26,Clothing,2,30,11.4,60
1871,9/26/2022,18:39:00,41,Male,62,Beauty,2,30,30.6,60
1834,4/14/2023,6:53:00,102,Female,56,Beauty,2,30,12.9,60
1719,12/28/2023,7:29:00,4,Female,42,Clothing,2,30,10.8,60
1701,10/13/2023,15:09:00,62,Female,52,Beauty,2,30,15.9,60
1681,11/9/2022,19:32:00,53,Female,43,Electronics,2,30,11.1,60
1675,5/17/2022,19:55:00,152,Female,45,Clothing,2,30,16.2,60
1593,2/24/2023,22:39:00,5,Male,35,Electronics,2,30,14.4,60
1588,6/25/2023,21:29:00,4,Male,38,Electronics,2,30,13.2,60
1581,12/20/2022,18:57:00,108,Female,48,Beauty,2,30,9.9,60
1573,10/13/2022,21:45:00,148,Male,49,Beauty,2,30,31.2,60
1565,9/4/2023,20:45:00,74,Female,45,Beauty,2,30,11.1,60
1563,10/13/2022,17:44:00,22,Male,20,Clothing,2,30,15.3,60
1548,1/13/2023,8:15:00,1,Female,51,Clothing,2,30,12.6,60
1528,7/6/2023,19:44:00,126,Female,36,Clothing,2,30,12.3,60
1501,1/31/2023,18:00:00,1,Male,39,Electronics,2,30,13.5,60
1499,9/23/2022,9:46:00,3,Male,46,Beauty,2,30,11.7,60
1495,3/14/2023,22:37:00,113,Male,24,Beauty,2,30,16.2,60
1478,8/31/2023,9:18:00,1,Female,58,Clothing,2,30,13.5,60
1456,9/2/2022,18:49:00,85,Male,57,Electronics,2,30,37.2,60
1448,5/16/2022,6:28:00,51,Female,54,Beauty,2,30,9.3,60
1415,3/6/2022,7:11:00,146,Male,53,Clothing,2,30,15.3,60
1399,1/28/2022,9:32:00,15,Female,64,Beauty,2,30,16.2,60
1370,11/4/2022,22:51:00,90,Male,23,Electronics,2,30,36,60
1315,8/31/2022,20:52:00,14,Male,47,Clothing,2,30,12.9,60
1304,9/26/2022,22:19:00,4,Female,37,Electronics,2,30,9.3,60
1289,10/10/2023,19:35:00,83,Male,53,Electronics,2,30,16.2,60
1266,9/3/2023,20:08:00,79,Female,19,Electronics,2,30,15.6,60
1263,9/7/2022,20:49:00,47,Male,23,Beauty,2,30,35.4,60
1260,7/19/2023,17:26:00,117,Male,28,Beauty,2,30,13.5,60
1247,9/2/2023,18:17:00,78,Male,41,Electronics,2,30,35.7,60
1228,6/24/2023,21:37:00,5,Female,59,Electronics,2,30,11.4,60
1214,11/18/2023,14:24:00,50,Male,20,Beauty,2,30,11.1,60
1178,12/29/2023,21:15:00,137,Male,40,Clothing,2,30,33,60
1162,7/13/2022,17:08:00,101,Male,39,Clothing,2,30,12.6,60
1148,8/11/2023,22:04:00,2,Male,18,Clothing,2,30,10.8,60
1123,12/11/2023,21:04:00,1,Female,40,Electronics,2,30,10.8,60
1095,9/5/2022,17:56:00,56,Female,32,Clothing,2,30,9.9,60
1080,12/8/2022,13:31:00,70,Female,64,Clothing,2,30,13.2,60
992,10/15/2023,19:34:00,134,Female,57,Electronics,2,30,7.8,60
981,2/5/2022,21:08:00,5,Female,30,Electronics,2,30,12.9,60
962,12/15/2023,22:02:00,76,Male,44,Clothing,2,30,35.1,60
960,3/29/2023,19:01:00,134,Male,59,Clothing,2,30,14.4,60
959,9/18/2022,17:59:00,54,Female,42,Electronics,2,30,28.5,60
900,11/10/2022,8:41:00,130,Male,21,Clothing,2,30,15.6,60
884,2/18/2023,20:31:00,1,Female,26,Clothing,2,30,7.5,60
871,11/2/2023,23:00:00,57,Male,62,Beauty,2,30,33.9,60
834,11/26/2023,6:55:00,13,Female,56,Beauty,2,30,14.7,60
719,7/2/2023,7:19:00,37,Female,42,Clothing,2,30,12,60
701,11/29/2023,16:33:00,93,Female,52,Beauty,2,30,14.1,60
681,8/4/2023,22:12:00,24,Female,43,Electronics,2,30,8.4,60
675,7/19/2023,18:10:00,26,Female,45,Clothing,2,30,15.9,60
593,1/18/2023,22:05:00,2,Male,35,Electronics,2,30,13.2,60
588,10/18/2023,17:54:00,5,Male,38,Electronics,2,30,13.8,60
581,12/15/2022,21:16:00,103,Female,48,Beauty,2,30,13.8,60
573,9/19/2023,22:59:00,78,Male,49,Beauty,2,30,36.3,60
565,9/5/2023,20:24:00,75,Female,45,Beauty,2,30,9,60
563,12/21/2022,18:40:00,150,Male,20,Clothing,2,30,16.2,60
548,4/14/2023,7:00:00,4,Female,51,Clothing,2,30,15.6,60
528,12/11/2023,21:51:00,102,Female,36,Clothing,2,30,9.6,60
501,6/28/2023,20:21:00,2,Male,39,Electronics,2,30,9,60
499,4/3/2022,10:52:00,15,Male,46,Beauty,2,30,16.5,60
495,6/24/2022,21:06:00,131,Male,24,Beauty,2,30,11.7,60
478,7/24/2023,11:13:00,3,Female,58,Clothing,2,30,8.1,60
456,12/15/2023,19:45:00,51,Male,57,Electronics,2,30,33.9,60
448,3/19/2022,9:36:00,86,Female,54,Beauty,2,30,16.2,60
415,1/5/2022,9:59:00,85,Male,53,Clothing,2,30,8.1,60
399,12/7/2022,9:25:00,136,Female,64,Beauty,2,30,12.9,60
370,10/24/2023,21:04:00,61,Male,23,Electronics,2,30,34.8,60
315,7/3/2023,18:53:00,122,Male,47,Clothing,2,30,15,60
304,3/23/2023,18:35:00,59,Female,37,Electronics,2,30,15.6,60
289,9/9/2023,20:29:00,107,Male,53,Electronics,2,30,8.1,60
266,9/12/2022,18:26:00,66,Female,19,Electronics,2,30,14.4,60
263,5/4/2022,21:48:00,133,Male,23,Beauty,2,30,34.8,60
260,1/19/2023,21:09:00,107,Male,28,Beauty,2,30,10.5,60
247,12/23/2022,17:56:00,82,Male,41,Electronics,2,30,31.5,60
228,4/3/2023,20:26:00,4,Female,59,Electronics,2,30,10.8,60
214,11/5/2022,16:31:00,53,Male,20,Beauty,2,30,8.1,60
178,10/11/2023,17:51:00,142,Male,40,Clothing,2,30,34.2,60
162,4/11/2023,19:37:00,118,Male,39,Clothing,2,30,9,60
148,7/3/2023,20:39:00,5,Male,18,Clothing,2,30,9.9,60
123,8/11/2023,19:00:00,3,Female,40,Electronics,2,30,11.7,60
95,11/6/2022,19:57:00,103,Female,32,Clothing,2,30,7.5,60
80,10/22/2023,16:51:00,82,Female,64,Clothing,2,30,12.3,60
1996,12/7/2023,18:49:00,2,Male,62,Clothing,1,50,25,50
1985,3/31/2023,20:15:00,113,Female,19,Electronics,2,25,9.75,50
1973,8/19/2023,10:10:00,22,Male,60,Clothing,1,50,21.5,50
1963,12/12/2022,20:56:00,115,Female,55,Beauty,1,50,20.5,50
1958,11/27/2022,19:19:00,125,Male,62,Electronics,2,25,11.75,50
1949,11/11/2022,20:24:00,105,Female,41,Electronics,2,25,12.5,50
1944,7/18/2023,21:08:00,63,Male,44,Clothing,2,25,6.5,50
1941,1/6/2023,6:14:00,48,Female,57,Clothing,2,25,12,50
1935,12/16/2022,22:40:00,96,Female,34,Beauty,1,50,47.5,50
1922,10/28/2023,20:07:00,72,Male,41,Electronics,1,50,48.5,50
1919,10/25/2022,17:54:00,78,Female,22,Beauty,2,25,26.5,50
1916,11/8/2022,12:40:00,102,Female,32,Electronics,1,50,16.5,50
1906,10/1/2022,20:10:00,58,Female,20,Clothing,1,50,26.5,50
1902,12/21/2022,17:12:00,97,Female,54,Beauty,1,50,14,50
1896,11/5/2022,20:19:00,87,Female,30,Electronics,2,25,30.75,50
1893,2/25/2023,17:04:00,3,Male,49,Electronics,1,50,22.5,50
1892,10/1/2023,7:22:00,3,Male,20,Electronics,1,50,23.5,50
1890,10/18/2023,14:20:00,51,Male,34,Electronics,2,25,6.25,50
1889,9/2/2022,22:48:00,80,Female,35,Electronics,1,50,56,50
1882,6/21/2023,20:56:00,15,Female,64,Electronics,2,25,9,50
1866,8/17/2023,22:38:00,5,Male,24,Electronics,1,50,20,50
1863,5/26/2023,22:33:00,4,Female,30,Electronics,2,25,10,50
1857,11/9/2022,12:15:00,109,Male,60,Electronics,2,25,7.5,50
1854,11/25/2023,16:53:00,109,Male,29,Clothing,1,50,22.5,50
1851,9/10/2022,21:36:00,87,Male,32,Electronics,2,25,25,50
1849,7/21/2023,22:42:00,1,Male,32,Clothing,2,25,12,50
1846,11/16/2023,17:51:00,83,Male,42,Beauty,1,50,49.5,50
1840,5/12/2023,20:22:00,138,Male,62,Clothing,2,25,11,50
1836,2/13/2023,17:19:00,3,Female,22,Clothing,1,50,23.5,50
1811,12/9/2023,21:58:00,5,Male,61,Beauty,2,25,8.5,50
1798,7/18/2023,20:26:00,96,Male,61,Clothing,1,50,20,50
1792,8/26/2023,17:37:00,88,Female,20,Beauty,1,50,26.5,50
1780,12/11/2022,10:00:00,32,Male,52,Electronics,2,25,10.5,50
1774,3/9/2023,6:48:00,2,Female,40,Clothing,2,25,8,50
1771,9/13/2023,13:41:00,108,Male,24,Electronics,2,25,10.75,50
1770,11/30/2023,20:08:00,65,Male,32,Clothing,1,50,56,50
1763,6/30/2022,11:37:00,93,Male,34,Clothing,2,25,13.5,50
1762,11/15/2023,18:43:00,81,Female,24,Electronics,2,25,11,50
1751,12/27/2023,22:09:00,99,Female,42,Clothing,2,25,30.25,50
1737,11/14/2022,22:32:00,40,Female,33,Clothing,1,50,14,50
1730,8/14/2023,19:17:00,116,Female,36,Clothing,2,25,10.75,50
1712,11/25/2023,16:37:00,92,Female,57,Beauty,2,25,8.75,50
1705,8/14/2022,8:32:00,94,Male,60,Electronics,2,25,8.75,50
1694,1/10/2023,19:22:00,4,Female,39,Electronics,2,25,9.75,50
1685,4/20/2022,20:32:00,76,Male,57,Electronics,2,25,8.75,50
1665,11/1/2023,19:38:00,4,Male,57,Clothing,1,50,14,50
1629,2/17/2022,20:18:00,144,Male,62,Electronics,2,25,10.75,50
1627,11/18/2022,17:21:00,84,Male,57,Clothing,1,50,60,50
1618,9/15/2022,6:27:00,118,Female,27,Beauty,1,50,13.5,50
1606,10/19/2023,19:52:00,2,Male,22,Electronics,1,50,26.5,50
1586,11/4/2022,16:25:00,59,Male,50,Electronics,1,50,14,50
1574,10/26/2022,21:51:00,150,Female,63,Electronics,2,25,24.75,50
1571,11/8/2022,14:55:00,105,Female,41,Electronics,1,50,25,50
1562,11/26/2023,10:21:00,5,Male,54,Electronics,2,25,12.75,50
1560,11/13/2022,17:16:00,91,Female,25,Electronics,1,50,18.5,50
1556,5/17/2023,19:13:00,35,Female,18,Electronics,1,50,22.5,50
1545,7/15/2023,18:21:00,16,Male,27,Clothing,2,25,8.25,50
1542,5/17/2023,20:30:00,147,Female,20,Beauty,1,50,14.5,50
1527,9/29/2023,8:30:00,1,Male,57,Clothing,2,25,11.75,50
1525,12/13/2022,13:35:00,106,Female,47,Beauty,2,25,12,50
1505,10/30/2022,8:00:00,98,Male,24,Beauty,1,50,14.5,50
1493,11/26/2023,21:49:00,58,Male,41,Beauty,2,25,6.75,50
1473,3/19/2022,9:06:00,30,Male,64,Beauty,1,50,13,50
1460,1/25/2023,19:42:00,4,Male,40,Beauty,1,50,22,50
1450,7/16/2023,8:52:00,1,Female,59,Beauty,2,25,10.25,50
1446,1/23/2022,18:55:00,155,Male,21,Electronics,1,50,23.5,50
1434,2/4/2022,10:02:00,147,Female,43,Electronics,2,25,7,50
1429,11/22/2023,13:14:00,102,Male,64,Electronics,2,25,12,50
1391,3/1/2022,11:29:00,130,Male,,Beauty,2,25,9.25,50
1389,9/27/2023,18:11:00,60,Male,21,Clothing,2,25,9.5,50
1375,10/1/2022,17:50:00,79,Male,32,Clothing,1,50,59,50
1367,4/15/2022,11:38:00,16,Female,,Electronics,1,50,15.5,50
1359,5/17/2022,22:21:00,55,Male,50,Clothing,1,50,19,50
1349,12/8/2023,21:57:00,112,Female,57,Beauty,1,50,49.5,50
1343,10/21/2023,20:10:00,87,Male,21,Electronics,2,25,28.5,50
1339,11/10/2022,10:34:00,132,Female,22,Electronics,2,25,7.5,50
1325,10/11/2022,19:47:00,18,Female,52,Electronics,2,25,26.75,50
1321,4/23/2023,22:54:00,155,Female,26,Electronics,2,25,10.5,50
1316,7/21/2023,17:11:00,1,Female,48,Clothing,2,25,11.75,50
1307,1/29/2022,22:11:00,68,Female,26,Electronics,2,25,11.75,50
1306,11/11/2023,20:57:00,122,Male,54,Electronics,1,50,18.5,50
1286,12/26/2022,17:23:00,111,Male,55,Electronics,2,25,28.5,50
1273,6/20/2023,20:39:00,1,Female,22,Beauty,1,50,25.5,50
1261,9/27/2022,21:19:00,116,Male,21,Clothing,2,25,6.25,50
1258,12/3/2022,20:27:00,64,Female,37,Clothing,1,50,21.5,50
1250,11/19/2022,20:39:00,96,Male,48,Electronics,1,50,48.5,50
1249,12/10/2022,21:44:00,95,Male,20,Clothing,1,50,60,50
1246,4/26/2023,22:54:00,3,Female,48,Electronics,2,25,11.5,50
1234,9/7/2023,17:46:00,78,Female,62,Electronics,2,25,8.25,50
1226,11/30/2023,17:52:00,102,Female,61,Clothing,1,50,51,50
1224,1/20/2022,17:10:00,103,Female,25,Clothing,1,50,20,50
1207,6/30/2023,21:48:00,3,Female,42,Beauty,2,25,10,50
1189,12/7/2022,6:08:00,104,Male,63,Beauty,1,50,20.5,50
1172,10/19/2022,21:12:00,150,Male,32,Beauty,2,25,28.5,50
1170,1/6/2023,17:13:00,96,Female,25,Clothing,2,25,8,50
1151,12/12/2022,14:48:00,99,Male,29,Clothing,1,50,26,50
1143,5/1/2023,21:10:00,23,Female,45,Clothing,1,50,15,50
1141,9/17/2023,19:13:00,65,Female,22,Electronics,1,50,58,50
1135,1/14/2022,8:16:00,124,Male,20,Clothing,2,25,12.5,50
1134,8/5/2022,9:04:00,106,Male,49,Electronics,1,50,24,50
1127,3/15/2022,19:26:00,87,Female,33,Clothing,2,25,13,50
1120,3/2/2023,19:32:00,4,Male,60,Beauty,1,50,26.5,50
1113,12/8/2023,17:41:00,141,Female,41,Electronics,2,25,27.75,50
1106,8/12/2023,17:50:00,3,Female,46,Clothing,1,50,14,50
1102,8/21/2023,18:04:00,5,Female,47,Beauty,2,25,6.5,50
1081,6/27/2023,22:23:00,5,Male,40,Electronics,1,50,17,50
1063,8/4/2022,10:26:00,56,Male,57,Electronics,2,25,11,50
1059,7/12/2022,22:05:00,89,Male,62,Clothing,1,50,12.5,50
1041,5/10/2022,7:27:00,74,Male,34,Clothing,2,25,11,50
1040,12/12/2023,21:24:00,112,Male,45,Beauty,1,50,21,50
1027,4/30/2022,21:00:00,131,Female,38,Beauty,2,25,7.5,50
1025,11/12/2022,16:41:00,103,Female,64,Beauty,1,50,16.5,50
1019,12/14/2023,21:22:00,56,Female,62,Clothing,2,25,25.75,50
1018,7/6/2023,19:13:00,4,Female,47,Electronics,2,25,13,50
1007,6/9/2023,10:09:00,15,Male,46,Clothing,2,25,11.5,50
996,7/3/2023,17:38:00,2,Male,62,Clothing,1,50,13.5,50
985,6/13/2023,22:33:00,113,Female,19,Electronics,2,25,9,50
973,9/3/2023,8:44:00,51,Male,60,Clothing,1,50,13,50
963,10/19/2023,18:24:00,76,Female,55,Beauty,1,50,13,50
958,1/1/2022,21:14:00,116,Male,62,Electronics,2,25,11,50
949,6/20/2023,20:28:00,21,Female,41,Electronics,2,25,9,50
944,8/23/2022,20:22:00,136,Male,44,Clothing,2,25,12,50
941,4/28/2023,9:58:00,39,Female,57,Clothing,2,25,6.5,50
935,9/10/2022,21:16:00,2,Female,34,Beauty,1,50,55.5,50
922,10/19/2023,22:54:00,103,Male,41,Electronics,1,50,60.5,50
919,10/28/2023,21:13:00,82,Female,22,Beauty,2,25,27.75,50
916,12/5/2023,12:56:00,68,Female,32,Electronics,1,50,26,50
906,7/19/2022,17:55:00,6,Female,20,Clothing,1,50,17,50
902,2/14/2022,17:16:00,108,Female,54,Beauty,1,50,21.5,50
896,12/30/2023,19:17:00,56,Female,30,Electronics,2,25,30.75,50
893,4/29/2023,18:52:00,1,Male,49,Electronics,1,50,17,50
892,9/13/2023,11:39:00,1,Male,20,Electronics,1,50,24,50
890,12/25/2023,14:44:00,76,Male,34,Electronics,2,25,13.5,50
889,9/20/2023,22:32:00,39,Female,35,Electronics,1,50,57.5,50
882,10/22/2023,21:41:00,144,Female,64,Electronics,2,25,13.25,50
866,7/6/2023,18:16:00,4,Male,24,Electronics,1,50,22.5,50
863,11/12/2023,22:40:00,4,Female,30,Electronics,2,25,11.25,50
857,11/20/2023,12:09:00,62,Male,60,Electronics,2,25,12,50
854,10/1/2022,15:42:00,84,Male,29,Clothing,1,50,22,50
851,11/30/2023,17:23:00,30,Male,32,Electronics,2,25,27.75,50
849,6/25/2023,19:33:00,5,Male,32,Clothing,2,25,12.5,50
846,12/22/2023,18:46:00,13,Male,42,Beauty,1,50,59.5,50
840,7/1/2023,18:59:00,60,Male,62,Clothing,2,25,11.75,50
836,6/21/2023,6:32:00,2,Female,22,Clothing,1,50,27.5,50
811,4/15/2023,18:34:00,2,Male,61,Beauty,2,25,6.75,50
798,1/20/2023,21:19:00,73,Male,61,Clothing,1,50,15,50
792,1/4/2023,22:50:00,4,Female,20,Beauty,1,50,26.5,50
780,7/6/2022,11:30:00,107,Male,52,Electronics,2,25,13.25,50
774,11/6/2023,9:04:00,2,Female,40,Clothing,2,25,6.5,50
771,12/24/2023,12:23:00,70,Male,24,Electronics,2,25,11.75,50
770,12/11/2022,22:49:00,71,Male,32,Clothing,1,50,55,50
763,4/23/2022,9:43:00,58,Male,34,Clothing,2,25,11.5,50
762,11/27/2023,17:49:00,56,Female,24,Electronics,2,25,10.25,50
751,11/8/2023,19:58:00,115,Female,42,Clothing,2,25,24.75,50
737,3/23/2023,21:11:00,26,Female,33,Clothing,1,50,14,50
730,2/20/2022,19:38:00,131,Female,36,Clothing,2,25,13.25,50
712,9/12/2023,14:15:00,108,Female,57,Beauty,2,25,11.5,50
705,9/30/2022,7:28:00,37,Male,60,Electronics,2,25,6.25,50
694,6/30/2023,17:47:00,3,Female,39,Electronics,2,25,10,50
685,7/4/2023,22:15:00,90,Male,57,Electronics,2,25,7.75,50
665,10/3/2023,22:49:00,1,Male,57,Clothing,1,50,19,50
629,1/5/2023,19:55:00,39,Male,62,Electronics,2,25,8,50
627,10/24/2022,18:14:00,79,Male,57,Clothing,1,50,55.5,50
618,10/13/2022,10:22:00,5,Female,27,Beauty,1,50,26,50
606,6/13/2023,20:19:00,2,Male,22,Electronics,1,50,19.5,50
586,12/20/2023,14:57:00,84,Male,50,Electronics,1,50,21.5,50
574,9/17/2023,20:12:00,24,Female,63,Electronics,2,25,24.75,50
571,10/20/2022,12:51:00,87,Female,41,Electronics,1,50,16,50
562,11/9/2023,9:26:00,3,Male,54,Electronics,2,25,7.25,50
560,10/23/2023,22:51:00,7,Female,25,Electronics,1,50,19,50
556,2/5/2022,17:37:00,42,Female,18,Electronics,1,50,12.5,50
545,12/19/2023,17:18:00,61,Male,27,Clothing,2,25,8.25,50
542,6/1/2023,18:41:00,50,Female,20,Beauty,1,50,24,50
527,4/21/2023,11:35:00,1,Male,57,Clothing,2,25,11.5,50
525,9/5/2022,14:15:00,98,Female,47,Beauty,2,25,7,50
505,12/17/2022,7:25:00,86,Male,24,Beauty,1,50,19.5,50
493,12/1/2022,20:10:00,95,Male,41,Beauty,2,25,7.75,50
473,9/25/2022,10:09:00,1,Male,64,Beauty,1,50,14.5,50
460,5/1/2023,23:00:00,2,Male,40,Beauty,1,50,19,50
450,12/1/2023,6:35:00,2,Female,59,Beauty,2,25,11,50
446,11/2/2022,19:57:00,104,Male,21,Electronics,1,50,13,50
434,10/26/2022,6:09:00,50,Female,43,Electronics,2,25,8.25,50
429,9/8/2023,14:29:00,80,Male,64,Electronics,2,25,6.75,50
391,3/25/2022,7:37:00,68,Male,19,Beauty,2,25,6.25,50
389,11/11/2022,19:06:00,109,Male,21,Clothing,2,25,12.25,50
375,9/22/2023,17:32:00,25,Male,32,Clothing,1,50,52,50
367,12/30/2022,7:03:00,123,Female,57,Electronics,1,50,18,50
359,12/15/2022,21:49:00,122,Male,50,Clothing,1,50,22.5,50
349,12/4/2023,17:05:00,78,Female,57,Beauty,1,50,48.5,50
343,11/9/2022,18:44:00,68,Male,21,Electronics,2,25,30,50
339,8/18/2022,10:27:00,33,Female,22,Electronics,2,25,10.25,50
325,9/16/2023,22:02:00,6,Female,52,Electronics,2,25,31.25,50
321,9/24/2023,19:53:00,30,Female,26,Electronics,2,25,9.5,50
316,2/1/2023,17:25:00,3,Female,48,Clothing,2,25,13.75,50
307,11/11/2022,22:54:00,32,Female,26,Electronics,2,25,8.5,50
306,1/4/2022,22:05:00,148,Male,54,Electronics,1,50,26.5,50
286,10/5/2022,22:56:00,92,Male,55,Electronics,2,25,27.75,50
273,9/26/2023,20:24:00,1,Female,22,Beauty,1,50,14.5,50
261,2/6/2022,17:48:00,16,Male,21,Clothing,2,25,8.25,50
258,12/29/2023,17:40:00,109,Female,37,Clothing,1,50,22,50
250,12/24/2022,23:00:00,91,Male,48,Electronics,1,50,60.5,50
249,9/28/2022,20:17:00,109,Male,20,Clothing,1,50,53.5,50
246,12/7/2023,20:05:00,4,Female,48,Electronics,2,25,13.25,50
234,12/9/2023,17:42:00,64,Female,62,Electronics,2,25,13.75,50
226,9/23/2022,17:02:00,69,Female,61,Clothing,1,50,57.5,50
224,11/11/2022,21:32:00,99,Female,25,Clothing,1,50,24,50
207,8/6/2023,8:34:00,3,Female,42,Beauty,2,25,10.25,50
189,1/2/2022,9:44:00,143,Male,63,Beauty,1,50,14.5,50
172,10/21/2022,18:09:00,52,Male,32,Beauty,2,25,28,50
170,9/21/2023,20:46:00,125,Female,25,Clothing,2,25,12.5,50
151,10/12/2023,15:49:00,108,Male,29,Clothing,1,50,18,50
143,2/11/2023,22:20:00,118,Female,45,Clothing,1,50,27.5,50
141,11/1/2022,19:26:00,54,Female,22,Electronics,1,50,59,50
135,4/18/2022,7:22:00,104,Male,20,Clothing,2,25,13,50
134,8/25/2022,9:03:00,132,Male,49,Electronics,1,50,16,50
127,5/20/2023,19:37:00,40,Female,33,Clothing,2,25,7.5,50
120,3/31/2023,19:35:00,4,Male,60,Beauty,1,50,12.5,50
113,10/8/2022,19:14:00,72,Female,41,Electronics,2,25,26.25,50
106,5/17/2023,18:58:00,1,Female,46,Clothing,1,50,15,50
102,4/17/2023,21:34:00,5,Female,47,Beauty,2,25,7.25,50
81,6/7/2023,22:48:00,4,Male,40,Electronics,1,50,14.5,50
63,2/3/2022,11:49:00,127,Male,57,Electronics,2,25,6.25,50
59,11/14/2022,18:28:00,61,Male,62,Clothing,1,50,27,50
41,10/11/2022,10:36:00,88,Male,34,Clothing,2,25,13.25,50
40,6/7/2022,21:33:00,78,Male,45,Beauty,1,50,24.5,50
27,12/14/2023,19:44:00,39,Female,38,Beauty,2,25,8.25,50
25,11/20/2022,14:32:00,61,Female,64,Beauty,1,50,19,50
19,11/26/2023,19:39:00,30,Female,62,Clothing,2,25,28.5,50
18,9/6/2023,19:13:00,5,Female,47,Electronics,2,25,12.5,50
7,7/6/2023,6:24:00,38,Male,46,Clothing,2,25,13.25,50
1995,12/10/2023,22:18:00,5,Female,41,Clothing,1,30,14.7,30
1974,2/19/2023,20:20:00,3,Male,47,Beauty,1,30,12.9,30
1940,6/15/2022,9:47:00,56,Female,20,Electronics,1,30,11.1,30
1933,1/12/2022,11:04:00,121,Male,22,Beauty,1,30,14.4,30
1926,8/7/2023,20:22:00,74,Male,22,Electronics,1,30,9.6,30
1901,11/29/2023,11:05:00,4,Male,31,Electronics,1,30,8.4,30
1894,12/29/2023,18:11:00,92,Male,52,Electronics,1,30,30,30
1879,11/18/2022,15:27:00,66,Male,23,Clothing,1,30,16.2,30
1878,1/24/2023,22:56:00,97,Female,20,Clothing,1,30,7.5,30
1874,5/14/2022,20:58:00,126,Male,60,Beauty,1,30,12.6,30
1804,1/10/2023,22:46:00,74,Male,42,Electronics,1,30,14.7,30
1802,7/13/2022,22:17:00,33,Female,46,Beauty,1,30,9.6,30
1793,12/11/2022,6:05:00,88,Male,54,Beauty,1,30,10.8,30
1772,2/3/2022,19:06:00,59,Male,26,Electronics,1,30,13.2,30
1753,7/17/2022,7:40:00,28,Female,32,Clothing,1,30,10.5,30
1749,5/7/2023,19:55:00,2,Male,42,Beauty,1,30,9,30
1747,9/5/2023,18:22:00,87,Male,23,Beauty,1,30,16.2,30
1734,2/28/2022,8:58:00,72,Female,27,Clothing,1,30,14.4,30
1733,9/3/2023,20:52:00,146,Male,34,Beauty,1,30,36.6,30
1670,10/24/2023,21:32:00,58,Male,27,Beauty,1,30,34.2,30
1659,7/27/2023,9:29:00,22,Female,39,Electronics,1,30,9,30
1650,9/23/2022,16:24:00,89,Male,55,Electronics,1,30,10.8,30
1617,5/1/2022,17:09:00,77,Male,34,Electronics,1,30,35.1,30
1601,9/14/2023,11:48:00,1,Male,19,Clothing,1,30,13.5,30
1579,9/28/2023,17:38:00,119,Female,38,Electronics,1,30,28.8,30
1566,10/3/2022,18:17:00,56,Female,64,Clothing,1,30,15.6,30
1518,5/18/2023,20:03:00,3,Female,40,Clothing,1,30,12.6,30
1489,4/28/2023,18:30:00,2,Male,44,Electronics,1,30,10.5,30
1485,9/24/2022,18:29:00,66,Male,24,Electronics,1,30,15.6,30
1483,3/5/2023,19:53:00,1,Male,55,Clothing,1,30,8.7,30
1451,9/23/2022,12:10:00,94,Female,45,Electronics,1,30,13.2,30
1438,1/7/2022,10:00:00,72,Female,42,Clothing,1,30,13.8,30
1396,6/7/2022,6:23:00,9,Female,55,Beauty,1,30,8.4,30
1387,7/26/2022,17:48:00,37,Male,44,Beauty,1,30,15.6,30
1376,7/15/2023,19:49:00,3,Female,64,Beauty,1,30,9.9,30
1345,9/29/2022,17:50:00,98,Male,62,Electronics,1,30,11.4,30
1344,12/18/2022,6:12:00,144,Female,42,Beauty,1,30,11.1,30
1305,4/5/2023,18:24:00,5,Female,18,Beauty,1,30,7.8,30
1268,6/9/2022,9:33:00,15,Female,28,Electronics,1,30,14.1,30
1255,1/20/2023,7:08:00,4,Male,48,Clothing,1,30,7.8,30
1195,9/21/2022,7:07:00,55,Male,52,Clothing,1,30,12,30
1140,5/22/2022,19:26:00,154,Male,38,Electronics,1,30,15.9,30
1116,8/15/2022,22:26:00,145,Female,23,Clothing,1,30,12.3,30
1100,1/20/2023,18:15:00,136,Male,41,Electronics,1,30,13.2,30
1090,2/18/2023,19:54:00,4,Female,51,Electronics,1,30,7.5,30
1066,10/6/2023,18:11:00,4,Female,45,Electronics,1,30,8.4,30
1057,9/19/2023,22:31:00,114,Female,63,Beauty,1,30,15.9,30
1045,2/26/2022,17:28:00,110,Female,55,Electronics,1,30,9.9,30
1029,7/18/2023,19:23:00,117,Female,42,Electronics,1,30,12.3,30
1006,10/29/2023,19:23:00,2,Female,45,Beauty,1,30,14.1,30
1003,1/26/2022,7:59:00,80,Male,50,Electronics,1,30,15.9,30
995,3/4/2023,22:38:00,4,Female,41,Clothing,1,30,9.9,30
974,12/28/2023,18:39:00,3,Male,47,Beauty,1,30,11.7,30
940,1/5/2022,8:11:00,46,Female,20,Electronics,1,30,9.6,30
933,9/19/2022,7:53:00,81,Male,22,Beauty,1,30,12.9,30
926,10/6/2023,22:53:00,53,Male,22,Electronics,1,30,15.6,30
901,8/2/2023,6:38:00,2,Male,31,Electronics,1,30,12,30
894,9/22/2022,22:53:00,111,Male,52,Electronics,1,30,30.6,30
879,11/13/2022,16:51:00,50,Male,23,Clothing,1,30,15.3,30
878,10/26/2023,18:53:00,31,Female,20,Clothing,1,30,11.7,30
874,1/17/2022,18:14:00,90,Male,60,Beauty,1,30,12.6,30
804,12/11/2023,17:12:00,99,Male,42,Electronics,1,30,10.8,30
802,9/22/2023,18:00:00,57,Female,46,Beauty,1,30,9.9,30
793,5/27/2022,10:53:00,1,Male,54,Beauty,1,30,14.7,30
772,4/14/2023,21:47:00,25,Male,26,Electronics,1,30,16.2,30
753,7/6/2022,10:07:00,70,Female,32,Clothing,1,30,15.9,30
749,7/26/2023,20:33:00,2,Male,42,Beauty,1,30,8.4,30
747,10/21/2022,18:12:00,51,Male,23,Beauty,1,30,9.3,30
734,3/12/2022,8:54:00,77,Female,27,Clothing,1,30,15.6,30
733,10/25/2022,21:07:00,143,Male,34,Beauty,1,30,28.5,30
670,9/29/2023,17:24:00,59,Male,27,Beauty,1,30,35.7,30
659,6/9/2023,6:08:00,75,Female,39,Electronics,1,30,8.1,30
650,10/8/2023,12:41:00,98,Male,55,Electronics,1,30,15,30
617,8/6/2022,19:12:00,30,Male,34,Electronics,1,30,28.5,30
601,6/5/2023,9:23:00,5,Male,19,Clothing,1,30,13.2,30
579,10/6/2023,17:43:00,41,Female,38,Electronics,1,30,36.6,30
566,11/26/2022,19:15:00,106,Female,64,Clothing,1,30,8.4,30
518,7/31/2023,17:01:00,2,Female,40,Clothing,1,30,16.2,30
489,10/31/2023,22:01:00,1,Male,44,Electronics,1,30,14.4,30
485,11/8/2022,17:30:00,101,Male,24,Electronics,1,30,11.4,30
483,2/6/2023,17:25:00,2,Male,55,Clothing,1,30,8.4,30
451,10/9/2023,15:38:00,74,Female,45,Electronics,1,30,13.5,30
438,8/31/2022,10:15:00,88,Female,42,Clothing,1,30,15.9,30
396,12/15/2022,7:11:00,29,Female,55,Beauty,1,30,10.8,30
387,1/26/2023,21:58:00,118,Male,44,Beauty,1,30,9,30
376,1/29/2023,18:21:00,4,Female,64,Beauty,1,30,12,30
345,12/7/2022,18:56:00,104,Male,62,Electronics,1,30,13.5,30
344,7/17/2022,9:47:00,69,Female,42,Beauty,1,30,7.5,30
305,3/22/2023,22:09:00,4,Female,18,Beauty,1,30,14.4,30
268,4/14/2022,8:26:00,93,Female,28,Electronics,1,30,8.7,30
255,10/15/2023,11:44:00,19,Male,48,Clothing,1,30,14.7,30
195,8/14/2022,11:51:00,10,Male,52,Clothing,1,30,9.3,30
140,7/7/2022,20:20:00,61,Male,38,Electronics,1,30,14.4,30
116,6/22/2023,20:04:00,58,Female,23,Clothing,1,30,15,30
100,2/8/2022,19:34:00,21,Male,41,Electronics,1,30,9.3,30
90,9/10/2023,17:53:00,3,Female,51,Electronics,1,30,13.5,30
66,6/18/2023,22:49:00,3,Female,45,Electronics,1,30,9,30
57,10/11/2022,20:12:00,64,Female,63,Beauty,1,30,10.2,30
45,3/20/2022,18:27:00,121,Female,55,Electronics,1,30,10.5,30
29,3/8/2022,20:10:00,31,Female,42,Electronics,1,30,13.5,30
6,11/15/2023,22:16:00,2,Female,45,Beauty,1,30,15,30
3,6/14/2022,7:08:00,114,Male,50,Electronics,1,30,8.1,30
1989,9/6/2022,16:21:00,109,Female,44,Electronics,1,25,13.25,25
1979,8/17/2022,11:34:00,102,Female,19,Beauty,1,25,7.75,25
1967,2/23/2023,8:28:00,4,Male,62,Beauty,1,25,12.25,25
1955,9/15/2022,21:11:00,134,Male,58,Clothing,1,25,6.5,25
1952,12/17/2022,22:13:00,114,Female,57,Clothing,1,25,13.5,25
1945,4/19/2022,9:55:00,33,Male,30,Beauty,1,25,10.75,25
1907,11/17/2022,11:21:00,115,Female,45,Electronics,1,25,9,25
1877,1/25/2023,20:19:00,72,Female,58,Clothing,1,25,10.5,25
1855,12/27/2023,21:15:00,44,Male,54,Beauty,1,25,31.25,25
1825,8/30/2023,18:34:00,105,Female,46,Beauty,1,25,27,25
1791,10/6/2022,14:52:00,87,Female,51,Beauty,1,25,7,25
1790,5/14/2023,20:52:00,147,Male,62,Clothing,1,25,7.5,25
1787,5/30/2022,7:42:00,104,Male,41,Electronics,1,25,10,25
1764,11/2/2023,11:04:00,13,Female,40,Clothing,1,25,11.75,25
1744,7/7/2023,21:49:00,4,Male,40,Electronics,1,25,8.75,25
1739,10/25/2023,17:52:00,67,Male,36,Beauty,1,25,11.25,25
1658,4/10/2023,6:08:00,148,Male,59,Clothing,1,25,12.25,25
1657,8/9/2022,10:05:00,61,Male,40,Clothing,1,25,8,25
1585,10/5/2023,20:00:00,2,Female,24,Clothing,1,25,7.25,25
1558,12/22/2022,20:37:00,91,Female,41,Clothing,1,25,27.75,25
1544,12/16/2022,15:58:00,70,Female,27,Electronics,1,25,11.25,25
1512,12/20/2023,20:05:00,105,Female,57,Beauty,1,25,13.25,25
1486,11/22/2023,8:58:00,4,Female,35,Electronics,1,25,8.75,25
1468,11/8/2023,13:14:00,73,Male,40,Electronics,1,25,9.75,25
1454,6/25/2022,11:18:00,22,Female,46,Beauty,1,25,6.75,25
1427,7/15/2023,18:36:00,92,Male,25,Electronics,1,25,11.5,25
1423,6/15/2022,7:56:00,131,Female,27,Clothing,1,25,11,25
1397,1/1/2023,11:05:00,6,Female,30,Beauty,1,25,11.75,25
1388,10/13/2023,18:12:00,89,Male,50,Electronics,1,25,6.75,25
1379,1/2/2022,6:23:00,69,Female,47,Clothing,1,25,7.25,25
1371,5/6/2022,6:52:00,41,Female,20,Beauty,1,25,13.5,25
1363,7/4/2023,20:27:00,33,Male,64,Beauty,1,25,7.75,25
1362,11/21/2023,18:53:00,104,Male,50,Clothing,1,25,11,25
1347,11/21/2023,21:55:00,7,Male,42,Electronics,1,25,13,25
1318,12/25/2022,22:57:00,55,Male,61,Clothing,1,25,27,25
1310,10/29/2022,21:31:00,74,Female,28,Beauty,1,25,24.75,25
1309,9/30/2022,16:50:00,93,Female,26,Beauty,1,25,9.5,25
1285,6/1/2023,21:55:00,130,Female,31,Electronics,1,25,12.25,25
1242,11/27/2023,18:32:00,5,Male,21,Clothing,1,25,11.25,25
1236,8/9/2023,18:19:00,4,Female,54,Clothing,1,25,8.75,25
1232,5/23/2022,8:05:00,146,Female,43,Beauty,1,25,6.25,25
1230,12/4/2023,21:24:00,1,Male,54,Beauty,1,25,13.25,25
1223,2/20/2022,7:40:00,106,Female,64,Clothing,1,25,9.75,25
1206,5/14/2023,19:45:00,68,Male,61,Clothing,1,25,8.5,25
1205,11/25/2022,19:19:00,97,Female,43,Clothing,1,25,7.25,25
1204,12/10/2023,19:24:00,72,Male,39,Beauty,1,25,27.5,25
1201,10/31/2023,17:28:00,115,Male,56,Electronics,1,25,27.75,25
1191,9/25/2023,17:20:00,88,Male,64,Beauty,1,25,25,25
1185,10/4/2022,10:28:00,153,Male,24,Clothing,1,25,10.25,25
1103,2/14/2022,7:11:00,61,Female,59,Clothing,1,25,6.75,25
1044,2/20/2022,9:08:00,70,Female,22,Clothing,1,25,7.5,25
989,10/31/2022,13:30:00,97,Female,44,Electronics,1,25,8.25,25
979,5/18/2022,10:18:00,6,Female,19,Beauty,1,25,10.5,25
967,8/4/2023,10:13:00,4,Male,62,Beauty,1,25,13.25,25
955,1/16/2022,17:57:00,16,Male,58,Clothing,1,25,12.5,25
952,12/21/2022,18:09:00,69,Female,57,Clothing,1,25,13.25,25
945,10/1/2022,10:01:00,120,Male,30,Beauty,1,25,13.25,25
907,9/2/2022,6:16:00,145,Female,45,Electronics,1,25,8.5,25
877,10/1/2022,19:52:00,134,Female,58,Clothing,1,25,6.75,25
855,11/21/2022,19:43:00,13,Male,54,Beauty,1,25,25.75,25
825,1/8/2022,17:27:00,51,Female,46,Beauty,1,25,27.25,25
791,9/4/2022,16:28:00,106,Female,51,Beauty,1,25,11.75,25
790,4/13/2023,20:47:00,29,Male,62,Clothing,1,25,9.25,25
787,6/10/2022,10:42:00,25,Male,41,Electronics,1,25,13.75,25
764,11/7/2023,8:46:00,47,Female,40,Clothing,1,25,11.25,25
744,5/23/2023,18:02:00,1,Male,40,Electronics,1,25,6.5,25
739,10/14/2023,17:09:00,57,Male,36,Beauty,1,25,10.25,25
658,10/30/2023,7:47:00,93,Male,59,Clothing,1,25,6.5,25
657,1/29/2022,8:53:00,46,Male,40,Clothing,1,25,8,25
585,6/6/2023,21:49:00,3,Female,24,Clothing,1,25,13.75,25
558,10/26/2023,17:47:00,108,Female,41,Clothing,1,25,26,25
544,10/31/2023,13:46:00,95,Female,27,Electronics,1,25,10.25,25
512,12/6/2022,18:00:00,56,Female,57,Beauty,1,25,9.5,25
486,12/2/2023,9:47:00,4,Female,35,Electronics,1,25,6.5,25
468,12/5/2022,14:32:00,86,Male,40,Electronics,1,25,12.25,25
454,3/12/2022,7:20:00,13,Female,46,Beauty,1,25,13,25
427,11/16/2023,21:26:00,120,Male,25,Electronics,1,25,11.75,25
423,7/18/2022,6:06:00,41,Female,27,Clothing,1,25,11.75,25
397,10/26/2023,8:06:00,59,Female,30,Beauty,1,25,10.5,25
388,12/3/2022,19:04:00,60,Male,50,Electronics,1,25,12.25,25
379,6/1/2022,7:28:00,76,Female,47,Clothing,1,25,8.5,25
371,12/18/2022,10:01:00,32,Female,20,Beauty,1,25,13,25
363,5/23/2022,22:51:00,92,Male,64,Beauty,1,25,13.5,25
362,9/27/2023,22:43:00,101,Male,50,Clothing,1,25,10.25,25
347,3/26/2022,19:31:00,26,Male,42,Electronics,1,25,7,25
318,10/22/2023,21:26:00,57,Male,61,Clothing,1,25,29.25,25
310,11/10/2022,21:34:00,76,Female,28,Beauty,1,25,31,25
309,10/12/2023,15:39:00,78,Female,26,Beauty,1,25,9,25
285,12/1/2023,18:14:00,107,Female,31,Electronics,1,25,13.5,25
242,10/1/2023,18:28:00,1,Male,21,Clothing,1,25,8,25
236,4/1/2023,22:18:00,5,Female,54,Clothing,1,25,6.5,25
232,8/12/2022,7:14:00,150,Female,43,Beauty,1,25,12.75,25
230,3/26/2023,17:44:00,5,Male,54,Beauty,1,25,12.5,25
223,1/15/2022,11:18:00,61,Female,64,Clothing,1,25,12,25
206,9/2/2022,18:18:00,31,Male,61,Clothing,1,25,11.75,25
205,11/22/2022,17:20:00,88,Female,43,Clothing,1,25,25.5,25
204,9/10/2022,21:04:00,101,Male,39,Beauty,1,25,31.25,25
201,10/13/2022,19:08:00,105,Male,56,Electronics,1,25,29.75,25
191,12/22/2023,21:24:00,71,Male,64,Beauty,1,25,28.25,25
185,6/27/2022,9:48:00,57,Male,24,Clothing,1,25,7,25
103,11/12/2022,10:05:00,33,Female,59,Clothing,1,25,10.75,25
44,3/3/2022,11:07:00,93,Female,22,Clothing,1,25,11.75,25
1225,2/2/2022,9:51:00,137,Female,57,Beauty,,,,
746,7/5/2022,11:33:00,42,Female,33,Clothing,,,,
679,8/26/2022,8:59:00,64,Female,18,Beauty,,,,
,,,,,34,,,,,
,,,,,41.33568193,,,,,
